bits,operation,count,steps,baseline_wall_s,final_wall_s,wall_speedup,baseline_gpu_s,final_gpu_s,device_speedup
256,add,65536,1,0.0007691250000000001,0.000785854,0.9787123307891797,0.0001088749996,9.3312512035e-05,1.1667781439552583
256,sub,65536,1,0.0007862500000000001,0.0007837085,1.0032429149358468,0.00010991666935000001,9.362499986e-05,1.1740098212481858
256,mul,65536,1,0.0006175835000000001,0.0007721875000000001,0.7997843787940105,0.00010725000174500001,0.00011822915985000001,0.9071366309383446
256,div,65536,1,0.0012240415,0.0010238545,1.1955228990056694,0.00068045833905,0.00028020834725,2.4284013867827414
256,complex_add,65536,1,0.0009556460000000001,0.0010805625,0.8843967840823647,0.0002747083345,0.0002072916832,1.325226030582977
256,complex_mul,65536,1,0.0013099165000000001,0.0011680415,1.1214640062018344,0.0004242499999,0.00026500000965000003,1.6009433375505537
256,complex_div,65536,1,0.0026214795,0.0016846245000000002,1.5561209634550606,0.0017117708335,0.00076804167475,2.228747332047036
256,mul_chain_host,65536,16,0.010515,0.012316375000000001,0.8537414620779247,0.0018668541305,0.0018814166689999998,0.9922598014889811
384,add,65536,1,0.000901854,0.000735521,1.2261431012846675,0.00015747918225,0.00014543751604999998,1.082796148662634
384,sub,65536,1,0.0008937495000000001,0.0006963125,1.2835465398079169,0.00015643749795,8.8437489455e-05,1.7689047813778194
384,mul,65536,1,0.0010548955,0.0008626454999999999,1.2228609550504814,0.0004491041764,0.000274437494205,1.6364534215741202
384,div,65536,1,0.0019336039999999998,0.0010085415,1.9172279970630857,0.001298125004,0.00042364584805,3.0641749706155297
384,complex_add,65536,1,0.0016843539999999999,0.0013025005,1.293169561163316,0.00037539584445,0.00029100000390000003,1.2900200667316897
384,complex_mul,65536,1,0.0017034160000000001,0.0017299585,0.9846571463997548,0.00069168749905,0.000651041657,1.0624320143157906
384,complex_div,65536,1,0.0038550835,0.0034079369999999998,1.1312073844088082,0.0017159374982,0.0013707708425,1.2518047838473774
384,mul_chain_host,65536,16,0.017463167,0.020518146,0.851108428607536,0.0073332290925,0.0073520416624999994,0.9974411774492581
1024,add,65536,1,0.0011625835,0.001276667,0.9106395794674728,0.00031641665555,0.0001679166744,1.8843670926703393
1024,sub,65536,1,0.001315396,0.0012924165,1.0177802589180809,0.00045812501045,0.00026818750485,1.7082265286976512
1024,mul,65536,1,0.0024504375,0.001691833,1.4483920694300205,0.00033708334375,0.00048068747855,0.7012525992289549
1024,div,65536,1,0.004081479,0.0019458955,2.097481082617232,0.0024821249970000004,0.000787145822,3.153322964598039
1024,complex_add,65536,1,0.0026352705,0.001917542,1.3742961040749042,0.0010783750039999999,0.000537166663,2.0075240670696646
1024,complex_mul,65536,1,0.004932667,0.0051879375,0.950795378703001,0.0032418749905000002,0.0027808125015,1.1658013579668884
1024,complex_div,65536,1,0.010510917,0.007935021,1.3246237155516034,0.008803187506,0.006064437504,1.4516082489420603
1024,mul_chain_host,65536,16,0.023622521,0.0305283125,0.7737905919300322,0.0076979999575,0.0076504583415,1.006214218008627
