bits,operation,count,steps,samples,cpu_workers,cpu_serial_s,cpu_parallel_s,gpu_s,wall_median_s,wall_min_s,wall_p90_s
256,add,65536,1,9,18,0.001779208,0.00042925,9.312501061e-05,0.000762333,0.000699542,0.000802167
256,add_resident,65536,1,9,18,0.001779208,0.00042925,2.624999615e-05,0.00020225,0.000164042,0.001039417
256,sub,65536,1,9,18,0.001986708,0.000402208,9.374998626e-05,0.000747667,0.000708792,0.00083225
256,sub_resident,65536,1,9,18,0.001986708,0.000402208,9.26250068e-05,0.000888333,0.000169333,0.00095475
256,mul,65536,1,9,18,0.002216958,0.000492834,0.0001182083215,0.000741166,0.000366125,0.000829125
256,mul_resident,65536,1,9,18,0.002216958,0.000492834,4.179167445e-05,0.0007755,0.000173584,0.000835167
256,div,65536,1,9,18,0.006561042,0.001282584,0.0002784166718,0.000998209,0.000858417,0.001077291
256,div_resident,65536,1,9,18,0.006561042,0.001282584,0.000277083338,0.000501458,0.000442792,0.000914292
256,complex_add,65536,1,9,18,0.004064208,0.000830208,0.0002067083551,0.00109075,0.001010625,0.002420208
256,complex_add_resident,65536,1,9,18,0.004064208,0.000830208,0.0001992500038,0.000739084,0.000354583,0.000864583
256,complex_mul,65536,1,9,18,0.013652458,0.002378792,0.0004082500236,0.001399666,0.001216792,0.005836958
256,complex_mul_resident,65536,1,9,18,0.013652458,0.002378792,0.0004021250061,0.000622375,0.000575541,0.001059958
256,complex_div,65536,1,9,18,0.079639458,0.005356625,0.0007679583505,0.001673708,0.0015995,0.004093542
256,complex_div_resident,65536,1,9,18,0.079639458,0.005356625,0.0007589999877,0.000961583,0.000927,0.001478625
256,mul_chain_host,65536,16,9,18,0.084944208,0.015479542,0.001876583352,0.012664125,0.009218917,0.018377208
256,mul_chain_resident,65536,16,9,18,0.084944208,0.015479542,0.001524124993,0.001892959,0.001868792,0.002239833
384,add,65536,1,9,18,0.001929208,0.000397709,0.0001475000172,0.000880959,0.000841208,0.000912917
384,add_resident,65536,1,9,18,0.001929208,0.000397709,0.0001460416825,0.000686792,0.000256084,0.00085725
384,sub,65536,1,9,18,0.0020955,0.000501083,0.000142749981,0.000934666,0.000868417,0.000967833
384,sub_resident,65536,1,9,18,0.0020955,0.000501083,0.0001395000145,0.0003385,0.000306625,0.000801083
384,mul,65536,1,9,18,0.002903375,0.000629542,0.0004521249793,0.001227958,0.00115175,0.001294583
384,mul_resident,65536,1,9,18,0.002903375,0.000629542,0.000450749998,0.001055209,0.000624,0.001607209
384,div,65536,1,9,18,0.007998792,0.001465792,0.0006927916838,0.001441125,0.001079834,0.001506333
384,div_resident,65536,1,9,18,0.007998792,0.001465792,0.0006866249896,0.000909291,0.000858833,0.001348334
384,complex_add,65536,1,9,18,0.004563167,0.000909459,0.0002918333339,0.001324292,0.001220041,0.002068375
384,complex_add_resident,65536,1,9,18,0.004563167,0.000909459,0.0002826249984,0.00050225,0.000460209,0.000945667
384,complex_mul,65536,1,9,18,0.040343375,0.003601125,0.0006533749984,0.001686333,0.00136175,0.002428917
384,complex_mul_resident,65536,1,9,18,0.040343375,0.003601125,0.0006408749905,0.000863917,0.000839209,0.001242375
384,complex_div,65536,1,9,18,0.091084792,0.007490208,0.001369666687,0.003413583,0.00227025,0.009900167
384,complex_div_resident,65536,1,9,18,0.091084792,0.007490208,0.0009432916704,0.001124458,0.000732833,0.001592333
384,mul_chain_host,65536,16,9,18,0.112154917,0.010084458,0.007485499984,0.023047708,0.0152985,0.0317525
384,mul_chain_resident,65536,16,9,18,0.112154917,0.010084458,0.002372833347,0.002760833,0.002339416,0.003044125
1024,add,65536,1,9,18,0.003232208,0.00083375,0.000109125016,0.001253334,0.001006416,0.001520583
1024,add_resident,65536,1,9,18,0.003232208,0.00083375,0.0001103749964,0.000279209,0.000246,0.000286625
1024,sub,65536,1,9,18,0.002619959,0.000656167,0.0003303750127,0.001392791,0.0010065,0.00198975
1024,sub_resident,65536,1,9,18,0.002619959,0.000656167,0.0003187499824,0.000520292,0.000493042,0.000606916
1024,mul,65536,1,9,18,0.01980225,0.001965791,0.000481874973,0.001684333,0.0015805,0.004304375
1024,mul_resident,65536,1,9,18,0.01980225,0.001965791,0.0004725000181,0.001182792,0.000700542,0.001882
1024,div,65536,1,9,18,0.045282667,0.003106375,0.0007871666458,0.001885125,0.001848834,0.001980458
1024,div_resident,65536,1,9,18,0.045282667,0.003106375,0.000784999982,0.001074166,0.000816167,0.001331292
1024,complex_add,65536,1,9,18,0.005974166,0.001173084,0.0007259583217,0.002292292,0.002009958,0.002503375
1024,complex_add_resident,65536,1,9,18,0.005974166,0.001173084,0.0007190000033,0.000947542,0.000767625,0.001117542
1024,complex_mul,65536,1,9,18,0.076967,0.008606958,0.002770958323,0.004406666,0.003082083,0.014654375
1024,complex_mul_resident,65536,1,9,18,0.076967,0.008606958,0.002043874993,0.002744584,0.002220291,0.0032515
1024,complex_div,65536,1,9,18,0.161213,0.013933458,0.006064041692,0.007937625,0.003853458,0.012759375
1024,complex_div_resident,65536,1,9,18,0.161213,0.013933458,0.002398874989,0.002676833,0.002226541,0.003105375
1024,mul_chain_host,65536,16,9,18,0.179203292,0.025909667,0.007671708358,0.037254125,0.024084667,0.057939084
1024,mul_chain_resident,65536,16,9,18,0.179203292,0.025909667,0.003995916661,0.004685,0.003619417,0.006303708
