bits,operation,count,requested_threads,actual_threads,simd_width,max_threads,samples,gpu_median_s,wall_median_s,wall_p90_s
256,add,257,32,32,32,1024,9,4.47499915e-05,0.000248459,0.000258458
256,add,257,64,64,32,1024,9,4.70833329e-05,0.000203666,0.000268875
256,add,257,128,128,32,1024,9,4.637500388e-05,0.00020975,0.000236166
256,add,257,256,256,32,1024,9,4.854166764e-05,0.00024725,0.000277084
256,add,257,512,512,32,1024,9,4.937499762e-05,0.000209958,0.000256958
256,sub,257,32,32,32,1024,9,4.587500007e-05,0.000206875,0.000242333
256,sub,257,64,64,32,1024,9,4.574999912e-05,0.000205541,0.000249417
256,sub,257,128,128,32,1024,9,4.595835344e-05,0.000207292,0.000255459
256,sub,257,256,256,32,1024,9,4.629165051e-05,0.000213584,0.000247167
256,sub,257,512,512,32,1024,9,4.633332719e-05,0.000214792,0.000246
256,mul,257,32,32,32,1024,9,3.875000402e-05,0.000206292,0.000831667
256,mul,257,64,64,32,1024,9,3.862500307e-05,0.000221917,0.000284666
256,mul,257,128,128,32,1024,9,3.987498349e-05,0.000230375,0.000273583
256,mul,257,256,256,32,1024,9,3.916668356e-05,0.00023325,0.000283084
256,mul,257,512,512,32,1024,9,4.108334542e-05,0.000198167,0.000254375
256,div,257,32,32,32,1024,9,6.550000398e-05,0.000230917,0.000281166
256,div,257,64,64,32,1024,9,6.487499923e-05,0.000250208,0.000259625
256,div,257,128,128,32,1024,9,6.508332444e-05,0.000265375,0.000275333
256,div,257,256,256,32,1024,9,7.187502342e-05,0.000267334,0.000284791
256,div,257,512,512,32,1024,9,8.650001837e-05,0.000268125,0.000285958
256,complex_add,257,32,32,32,1024,9,6.187497638e-05,0.000251416,0.000262375
256,complex_add,257,64,64,32,1024,9,6.374999066e-05,0.000267958,0.000296375
256,complex_add,257,128,128,32,1024,9,6.170832785e-05,0.0002375,0.000267625
256,complex_add,257,256,256,32,1024,9,6.254168693e-05,0.000265833,0.000267416
256,complex_add,257,512,512,32,1024,9,6.533332635e-05,0.000256459,0.000266916
256,complex_mul,257,32,32,32,1024,9,0.0001120833331,0.000268666,0.00029525
256,complex_mul,257,64,64,32,1024,9,0.0001146249997,0.000261625,0.000274708
256,complex_mul,257,128,128,32,1024,9,0.0001125833369,0.000264125,0.000269916
256,complex_mul,257,256,256,32,1024,9,0.0001085000113,0.000264958,0.000285208
256,complex_mul,257,512,512,32,1024,9,0.0001124999835,0.00026525,0.000269417
256,complex_div,257,32,32,32,1024,9,0.0002245000214,0.000383833,0.000396625
256,complex_div,257,64,64,32,1024,9,0.0002246249933,0.000389375,0.000405833
256,complex_div,257,128,128,32,1024,9,0.0002191249805,0.000375,0.000394833
256,complex_div,257,256,256,32,1024,9,0.0002145000035,0.000374709,0.000425666
256,complex_div,257,512,512,32,1024,9,0.000226916658,0.000393667,0.000404208
256,add,4096,32,32,32,1024,9,4.762501339e-05,0.000200583,0.000260375
256,add,4096,64,64,32,1024,9,4.737498239e-05,0.000228291,0.000247792
256,add,4096,128,128,32,1024,9,4.612500197e-05,0.000209875,0.000231416
256,add,4096,256,256,32,1024,9,4.787498619e-05,0.000198792,0.000257208
256,add,4096,512,512,32,1024,9,5.15000138e-05,0.000218416,0.000240958
256,sub,4096,32,32,32,1024,9,4.57916467e-05,0.000207042,0.000256875
256,sub,4096,64,64,32,1024,9,4.562499817e-05,0.000203084,0.000238208
256,sub,4096,128,128,32,1024,9,4.583332338e-05,0.000219792,0.000278125
256,sub,4096,256,256,32,1024,9,4.891667049e-05,0.000200916,0.000242334
256,sub,4096,512,512,32,1024,9,5.087500904e-05,0.000202125,0.000238666
256,mul,4096,32,32,32,1024,9,4.083334352e-05,0.000190375,0.0002415
256,mul,4096,64,64,32,1024,9,3.962498158e-05,0.000194709,0.000209542
256,mul,4096,128,128,32,1024,9,4.000001354e-05,0.000214416,0.00024525
256,mul,4096,256,256,32,1024,9,4.058334162e-05,0.000193708,0.000241958
256,mul,4096,512,512,32,1024,9,4.47499915e-05,0.000193583,0.000239459
256,div,4096,32,32,32,1024,9,6.558332825e-05,0.00021975,0.000260417
256,div,4096,64,64,32,1024,9,6.612500874e-05,0.00024,0.00025425
256,div,4096,128,128,32,1024,9,6.595836021e-05,0.0002365,0.000268083
256,div,4096,256,256,32,1024,9,7.224999717e-05,0.000255125,0.000272958
256,div,4096,512,512,32,1024,9,0.00010283335,0.000277959,0.000286625
256,complex_add,4096,32,32,32,1024,9,6.516667781e-05,0.000232542,0.000243792
256,complex_add,4096,64,64,32,1024,9,6.516667781e-05,0.000236542,0.000281875
256,complex_add,4096,128,128,32,1024,9,6.395834498e-05,0.000238833,0.000249958
256,complex_add,4096,256,256,32,1024,9,6.562500494e-05,0.000234625,0.000247583
256,complex_add,4096,512,512,32,1024,9,7.108331192e-05,0.000234916,0.0002485
256,complex_mul,4096,32,32,32,1024,9,0.000119583332,0.000278375,0.000318958
256,complex_mul,4096,64,64,32,1024,9,0.0001215416705,0.000270333,0.000323625
256,complex_mul,4096,128,128,32,1024,9,0.0001214999938,0.000270958,0.000297792
256,complex_mul,4096,256,256,32,1024,9,0.0001263750019,0.000270833,0.000290709
256,complex_mul,4096,512,512,32,1024,9,0.0001278749842,0.000266334,0.00029275
256,complex_div,4096,32,32,32,1024,9,0.0002368749992,0.000436375,0.000481666
256,complex_div,4096,64,64,32,1024,9,0.0002337500046,0.00042125,0.000466208
256,complex_div,4096,128,128,32,1024,9,0.0002336250036,0.000447458,0.000556459
256,complex_div,4096,256,256,32,1024,9,0.0002370416478,0.000416583,0.000479625
256,complex_div,4096,512,512,32,1024,9,0.0002534583327,0.000418791,0.000467334
256,add,65536,32,32,32,1024,9,9.229165153e-05,0.000285917,0.000526416
256,add,65536,64,64,32,1024,9,9.295833297e-05,0.000302333,0.0006515
256,add,65536,128,128,32,1024,9,9.537499864e-05,0.000307291,0.000601542
256,add,65536,256,256,32,1024,9,9.616668103e-05,0.000287875,0.000322708
256,add,65536,512,512,32,1024,9,0.0001045000099,0.000305375,0.000559
256,sub,65536,32,32,32,1024,9,9.112499538e-05,0.000304542,0.000562541
256,sub,65536,64,64,32,1024,9,9.124999633e-05,0.000312958,0.000606792
256,sub,65536,128,128,32,1024,9,9.175000014e-05,0.000295125,0.000579333
256,sub,65536,256,256,32,1024,9,9.412501822e-05,0.000297166,0.00058175
256,sub,65536,512,512,32,1024,9,0.0001030416752,0.000343041,0.000609291
256,mul,65536,32,32,32,1024,9,0.0001157499792,0.000302083,0.000341167
256,mul,65536,64,64,32,1024,9,0.0001157083316,0.000311167,0.000583584
256,mul,65536,128,128,32,1024,9,0.0001171249896,0.000326667,0.000868458
256,mul,65536,256,256,32,1024,9,0.0001235833333,0.000320625,0.000894042
256,mul,65536,512,512,32,1024,9,0.0001360833412,0.000328541,0.000557541
256,div,65536,32,32,32,1024,9,0.0002788749989,0.000475041,0.000485792
256,div,65536,64,64,32,1024,9,0.0002781249932,0.000463875,0.000492459
256,div,65536,128,128,32,1024,9,0.0002778333437,0.00047225,0.000498208
256,div,65536,256,256,32,1024,9,0.0002962083381,0.000484916,0.000496375
256,div,65536,512,512,32,1024,9,0.0003319583193,0.000525792,0.000537458
256,complex_add,65536,32,32,32,1024,9,0.0002043750137,0.00041,0.000427041
256,complex_add,65536,64,64,32,1024,9,0.0002052499913,0.00040025,0.000424375
256,complex_add,65536,128,128,32,1024,9,0.0002054166689,0.0004095,0.000415458
256,complex_add,65536,256,256,32,1024,9,0.0002064583532,0.000410958,0.000419209
256,complex_add,65536,512,512,32,1024,9,0.0002142500016,0.000417542,0.000460625
256,complex_mul,65536,32,32,32,1024,9,9.28750087e-05,0.000284834,0.00028825
256,complex_mul,65536,64,64,32,1024,9,9.412501822e-05,0.000276208,0.000297208
256,complex_mul,65536,128,128,32,1024,9,9.324998246e-05,0.000278958,0.00030025
256,complex_mul,65536,256,256,32,1024,9,9.912499809e-05,0.00028125,0.000309
256,complex_mul,65536,512,512,32,1024,9,0.0001096666674,0.000291166,0.0003165
256,complex_div,65536,32,32,32,1024,9,0.0001800416794,0.000367125,0.000391417
256,complex_div,65536,64,64,32,1024,9,0.0001779999875,0.000357625,0.000386166
256,complex_div,65536,128,128,32,1024,9,0.0001782083418,0.000356625,0.000398792
256,complex_div,65536,256,256,32,1024,9,0.0001865833183,0.000369833,0.0003835
256,complex_div,65536,512,512,32,1024,9,0.0002053333446,0.000390333,0.000398583
384,add,257,32,32,32,1024,9,1.449999399e-05,0.00016575,0.0001945
384,add,257,64,64,32,1024,9,1.47499959e-05,0.000167458,0.000197041
384,add,257,128,128,32,1024,9,1.512499875e-05,0.000157584,0.000165042
384,add,257,256,256,32,1024,9,1.512499875e-05,0.00017725,0.000200334
384,add,257,512,512,32,1024,9,1.49999978e-05,0.000171542,0.000205083
384,sub,257,32,32,32,1024,9,1.449999399e-05,0.000181792,0.000199
384,sub,257,64,64,32,1024,9,1.512499875e-05,0.000167958,0.000202125
384,sub,257,128,128,32,1024,9,1.470834832e-05,0.000168458,0.000185208
384,sub,257,256,256,32,1024,9,1.524999971e-05,0.000180917,0.000189042
384,sub,257,512,512,32,1024,9,1.545835403e-05,0.000171542,0.000217916
384,mul,257,32,32,32,1024,9,2.262499765e-05,0.000170541,0.000207375
384,mul,257,64,64,32,1024,9,2.370832954e-05,0.000170834,0.000220542
384,mul,257,128,128,32,1024,9,2.32916791e-05,0.000177416,0.000190958
384,mul,257,256,256,32,1024,9,2.300000051e-05,0.000168375,0.00018175
384,mul,257,512,512,32,1024,9,2.762497752e-05,0.000174917,0.000261625
384,div,257,32,32,32,1024,9,2.891666372e-05,0.000177083,0.000213708
384,div,257,64,64,32,1024,9,2.987499465e-05,0.000178542,0.000185458
384,div,257,128,128,32,1024,9,2.995831892e-05,0.00017975,0.000233125
384,div,257,256,256,32,1024,9,3.475000267e-05,0.0001805,0.000214125
384,div,257,512,512,32,1024,9,4.300000728e-05,0.000189,0.000196375
384,complex_add,257,32,32,32,1024,9,2.229167148e-05,0.000168625,0.000172916
384,complex_add,257,64,64,32,1024,9,2.262499765e-05,0.000170334,0.000177083
384,complex_add,257,128,128,32,1024,9,2.241667244e-05,0.000182958,0.000217166
384,complex_add,257,256,256,32,1024,9,2.279167529e-05,0.000170417,0.0001805
384,complex_add,257,512,512,32,1024,9,2.300000051e-05,0.000169708,0.000198958
384,complex_mul,257,32,32,32,1024,9,4.199999967e-05,0.0001925,0.000198542
384,complex_mul,257,64,64,32,1024,9,4.312500823e-05,0.000191209,0.00019525
384,complex_mul,257,128,128,32,1024,9,4.212500062e-05,0.0001945,0.000217333
384,complex_mul,257,256,256,32,1024,9,4.199999967e-05,0.000188791,0.000197958
384,complex_mul,257,512,512,32,1024,9,4.316665581e-05,0.000192208,0.000205042
384,complex_div,257,32,32,32,1024,9,7.791665848e-05,0.000255667,0.000273083
384,complex_div,257,64,64,32,1024,9,7.791665848e-05,0.000249542,0.000269583
384,complex_div,257,128,128,32,1024,9,7.862498751e-05,0.000255292,0.000274041
384,complex_div,257,256,256,32,1024,9,7.758333231e-05,0.000259125,0.000275625
384,complex_div,257,512,512,32,1024,9,8.158333367e-05,0.0002565,0.00026075
384,add,4096,32,32,32,1024,9,1.579165109e-05,0.000158834,0.000175333
384,add,4096,64,64,32,1024,9,1.600000542e-05,0.000157916,0.000178333
384,add,4096,128,128,32,1024,9,1.587500446e-05,0.000161083,0.000176416
384,add,4096,256,256,32,1024,9,1.574997441e-05,0.000158792,0.00016275
384,add,4096,512,512,32,1024,9,1.666668686e-05,0.000154917,0.000197292
384,sub,4096,32,32,32,1024,9,1.570832683e-05,0.000169334,0.000195708
384,sub,4096,64,64,32,1024,9,1.599997631e-05,0.000162125,0.000176375
384,sub,4096,128,128,32,1024,9,1.587500446e-05,0.000161167,0.000184417
384,sub,4096,256,256,32,1024,9,1.649998012e-05,0.000156,0.0001725
384,sub,4096,512,512,32,1024,9,1.700001303e-05,0.000159625,0.000166083
384,mul,4096,32,32,32,1024,9,2.370832954e-05,0.000159958,0.000282625
384,mul,4096,64,64,32,1024,9,2.404165571e-05,0.000158542,0.000171917
384,mul,4096,128,128,32,1024,9,2.395836054e-05,0.000170333,0.000178417
384,mul,4096,256,256,32,1024,9,2.416665666e-05,0.000164792,0.000190458
384,mul,4096,512,512,32,1024,9,3.450000077e-05,0.00017425,0.000180875
384,div,4096,32,32,32,1024,9,3.162500798e-05,0.000181333,0.000212
384,div,4096,64,64,32,1024,9,3.191665746e-05,0.00017475,0.000183042
384,div,4096,128,128,32,1024,9,3.204165841e-05,0.000167292,0.000179334
384,div,4096,256,256,32,1024,9,3.662501695e-05,0.000178459,0.000198958
384,div,4096,512,512,32,1024,9,5.637499271e-05,0.000200208,0.000204375
384,complex_add,4096,32,32,32,1024,9,2.362500527e-05,0.000156667,0.000187
384,complex_add,4096,64,64,32,1024,9,2.425001003e-05,0.000148041,0.000184667
384,complex_add,4096,128,128,32,1024,9,2.391665475e-05,0.000153542,0.000167709
384,complex_add,4096,256,256,32,1024,9,2.424998092e-05,0.000150166,0.000177083
384,complex_add,4096,512,512,32,1024,9,2.508334001e-05,0.000152708,0.000182
384,complex_mul,4096,32,32,32,1024,9,4.645832814e-05,0.000173916,0.000194875
384,complex_mul,4096,64,64,32,1024,9,4.699997953e-05,0.000189625,0.000213042
384,complex_mul,4096,128,128,32,1024,9,4.662500578e-05,0.000175167,0.00022425
384,complex_mul,4096,256,256,32,1024,9,4.725001054e-05,0.000186,0.000246
384,complex_mul,4096,512,512,32,1024,9,4.849999095e-05,0.000175833,0.000216417
384,complex_div,4096,32,32,32,1024,9,8.374999743e-05,0.000258084,0.000335042
384,complex_div,4096,64,64,32,1024,9,8.349999553e-05,0.000248291,0.000282042
384,complex_div,4096,128,128,32,1024,9,8.454167983e-05,0.000245667,0.000273625
384,complex_div,4096,256,256,32,1024,9,8.500000695e-05,0.000245709,0.000309209
384,complex_div,4096,512,512,32,1024,9,9.200000204e-05,0.000245917,0.000288291
384,add,65536,32,32,32,1024,9,4.316665581e-05,0.000227333,0.000254709
384,add,65536,64,64,32,1024,9,4.45000187e-05,0.000233667,0.000248792
384,add,65536,128,128,32,1024,9,4.412498674e-05,0.000247209,0.00025825
384,add,65536,256,256,32,1024,9,4.504167009e-05,0.00024925,0.000271333
384,add,65536,512,512,32,1024,9,4.891664139e-05,0.000245042,0.000264375
384,sub,65536,32,32,32,1024,9,3.900000593e-05,0.00023125,0.000259083
384,sub,65536,64,64,32,1024,9,4.350001109e-05,0.000233208,0.000242
384,sub,65536,128,128,32,1024,9,4.441666533e-05,0.000232375,0.000241917
384,sub,65536,256,256,32,1024,9,4.458334297e-05,0.000243708,0.000255792
384,sub,65536,512,512,32,1024,9,4.904167145e-05,0.00024975,0.000285208
384,mul,65536,32,32,32,1024,9,0.0001060416398,0.000294625,0.000303583
384,mul,65536,64,64,32,1024,9,0.0001041250071,0.000296333,0.0003195
384,mul,65536,128,128,32,1024,9,0.000106499996,0.000293416,0.000301458
384,mul,65536,256,256,32,1024,9,0.0001121250098,0.000303375,0.000321542
384,mul,65536,512,512,32,1024,9,0.0001228750043,0.000311375,0.000325417
384,div,65536,32,32,32,1024,9,0.0001580833341,0.000336542,0.0003545
384,div,65536,64,64,32,1024,9,0.0001608333259,0.000340625,0.000355209
384,div,65536,128,128,32,1024,9,0.0001602916745,0.000354291,0.000369208
384,div,65536,256,256,32,1024,9,0.0001676666725,0.000354167,0.000378542
384,div,65536,512,512,32,1024,9,0.0001867499959,0.000376792,0.000389416
384,complex_add,65536,32,32,32,1024,9,0.0002146666811,0.000434084,0.000701666
384,complex_add,65536,64,64,32,1024,9,0.0002176249982,0.000434209,0.000551
384,complex_add,65536,128,128,32,1024,9,0.0002134999959,0.000494833,0.000711416
384,complex_add,65536,256,256,32,1024,9,0.0001964583353,0.000411167,0.000782916
384,complex_add,65536,512,512,32,1024,9,0.0001968750148,0.000436333,0.000689708
384,complex_mul,65536,32,32,32,1024,9,0.0002907916787,0.000505375,0.000522083
384,complex_mul,65536,64,64,32,1024,9,0.0002892916673,0.000482709,0.000512625
384,complex_mul,65536,128,128,32,1024,9,0.0002882083354,0.000494958,0.000516458
384,complex_mul,65536,256,256,32,1024,9,0.0002962500148,0.00048175,0.000516583
384,complex_mul,65536,512,512,32,1024,9,0.0003042916651,0.00050125,0.000538625
384,complex_div,65536,32,32,32,1024,9,0.001257374999,0.001460708,0.002255625
384,complex_div,65536,64,64,32,1024,9,0.001361124974,0.001564292,0.001841167
384,complex_div,65536,128,128,32,1024,9,0.001368124998,0.001601833,0.001676291
384,complex_div,65536,256,256,32,1024,9,0.001347208337,0.0015825,0.001614375
384,complex_div,65536,512,512,32,1024,9,0.001480999985,0.001712458,0.001852833
1024,add,257,32,32,32,1024,9,3.708331496e-05,0.000196209,0.000235375
1024,add,257,64,64,32,1024,9,3.712499165e-05,0.000188375,0.000199458
1024,add,257,128,128,32,1024,9,3.750002361e-05,0.000222666,0.000239292
1024,add,257,256,256,32,1024,9,3.69999907e-05,0.000189042,0.000206375
1024,add,257,512,512,32,1024,9,3.966665827e-05,0.000187875,0.000206166
1024,sub,257,32,32,32,1024,9,3.658334026e-05,0.000173625,0.000211666
1024,sub,257,64,64,32,1024,9,3.641666262e-05,0.000188458,0.000230333
1024,sub,257,128,128,32,1024,9,3.72499926e-05,0.000177916,0.0002135
1024,sub,257,256,256,32,1024,9,3.750002361e-05,0.000204542,0.000218917
1024,sub,257,512,512,32,1024,9,3.845832543e-05,0.00018425,0.000194708
1024,mul,257,32,32,32,1024,9,4.862502101e-05,0.000214083,0.000240667
1024,mul,257,64,64,32,1024,9,4.912499571e-05,0.000201667,0.000212833
1024,mul,257,128,128,32,1024,9,4.970832379e-05,0.000220666,0.000242959
1024,mul,257,256,256,32,1024,9,4.987500142e-05,0.000191791,0.000204583
1024,mul,257,512,512,32,1024,9,5.299999611e-05,0.000204417,0.000230917
1024,div,257,32,32,32,1024,9,7.162502152e-05,0.000240625,0.000272667
1024,div,257,64,64,32,1024,9,7.070833817e-05,0.000234208,0.000278459
1024,div,257,128,128,32,1024,9,7.120834198e-05,0.00022025,0.000244583
1024,div,257,256,256,32,1024,9,7.808333612e-05,0.000256834,0.000313708
1024,div,257,512,512,32,1024,9,8.920833352e-05,0.0002675,0.000412958
1024,complex_add,257,32,32,32,1024,9,7.391665713e-05,0.000267416,0.000297417
1024,complex_add,257,64,64,32,1024,9,8.258334128e-05,0.000265833,0.0002825
1024,complex_add,257,128,128,32,1024,9,7.99583504e-05,0.000252583,0.000275208
1024,complex_add,257,256,256,32,1024,9,7.862498751e-05,0.000248625,0.000284583
1024,complex_add,257,512,512,32,1024,9,7.974999608e-05,0.000235791,0.000262292
1024,complex_mul,257,32,32,32,1024,9,0.0003089583188,0.000443333,0.000487584
1024,complex_mul,257,64,64,32,1024,9,0.0003229166614,0.000480083,0.000549917
1024,complex_mul,257,128,128,32,1024,9,0.000324749999,0.000478125,0.0005295
1024,complex_mul,257,256,256,32,1024,9,0.0003163333458,0.000465833,0.0004825
1024,complex_mul,257,512,512,32,1024,9,0.0003440416767,0.000527,0.000542459
1024,complex_div,257,32,32,32,1024,9,0.0006580416812,0.000853,0.000890708
1024,complex_div,257,64,64,32,1024,9,0.0006504166522,0.000801583,0.00088425
1024,complex_div,257,128,128,32,1024,9,0.0006557499873,0.000809833,0.000917292
1024,complex_div,257,256,256,32,1024,9,0.0006708749861,0.00084625,0.000866333
1024,complex_div,257,512,512,32,1024,9,0.0007229166804,0.00087125,0.000925834
1024,add,4096,32,32,32,1024,9,4.124999396e-05,0.000195875,0.000232666
1024,add,4096,64,64,32,1024,9,4.362498294e-05,0.000192209,0.000222333
1024,add,4096,128,128,32,1024,9,4.549999721e-05,0.000203,0.000255167
1024,add,4096,256,256,32,1024,9,4.429166438e-05,0.000261583,0.000289167
1024,add,4096,512,512,32,1024,9,4.700000864e-05,0.000210584,0.000261958
1024,sub,4096,32,32,32,1024,9,4.241667921e-05,0.000185875,0.0002225
1024,sub,4096,64,64,32,1024,9,4.041666398e-05,0.000172708,0.000195792
1024,sub,4096,128,128,32,1024,9,4.195832298e-05,0.000165708,0.000227584
1024,sub,4096,256,256,32,1024,9,4.44999896e-05,0.000173584,0.000201542
1024,sub,4096,512,512,32,1024,9,4.662500578e-05,0.000200583,0.000230416
1024,mul,4096,32,32,32,1024,9,5.274999421e-05,0.000197292,0.000250833
1024,mul,4096,64,64,32,1024,9,5.166666233e-05,0.000207375,0.000267916
1024,mul,4096,128,128,32,1024,9,5.53749851e-05,0.000194542,0.000227375
1024,mul,4096,256,256,32,1024,9,6.262498209e-05,0.00020125,0.000227667
1024,mul,4096,512,512,32,1024,9,6.099999882e-05,0.000246917,0.00032325
1024,div,4096,32,32,32,1024,9,8.874997729e-05,0.000258708,0.000288
1024,div,4096,64,64,32,1024,9,8.949998301e-05,0.000231375,0.000268833
1024,div,4096,128,128,32,1024,9,8.841665112e-05,0.000252083,0.000357042
1024,div,4096,256,256,32,1024,9,8.479165263e-05,0.00024725,0.000302083
1024,div,4096,512,512,32,1024,9,0.0001234166557,0.000286417,0.000306584
1024,complex_add,4096,32,32,32,1024,9,9.012498776e-05,0.000267458,0.000295083
1024,complex_add,4096,64,64,32,1024,9,8.762499783e-05,0.000239625,0.000254125
1024,complex_add,4096,128,128,32,1024,9,8.724999498e-05,0.0002255,0.000245708
1024,complex_add,4096,256,256,32,1024,9,8.954165969e-05,0.000240916,0.000278584
1024,complex_add,4096,512,512,32,1024,9,0.0001007083338,0.000243667,0.0002875
1024,complex_mul,4096,32,32,32,1024,9,0.0003336666559,0.000503875,0.000530625
1024,complex_mul,4096,64,64,32,1024,9,0.0003443333262,0.000507292,0.000526875
1024,complex_mul,4096,128,128,32,1024,9,0.0003452083329,0.000523416,0.000552208
1024,complex_mul,4096,256,256,32,1024,9,0.0003504583437,0.000525292,0.000578334
1024,complex_mul,4096,512,512,32,1024,9,0.0004124583502,0.000595041,0.000646333
1024,complex_div,4096,32,32,32,1024,9,0.0003696250205,0.00060075,0.000895333
1024,complex_div,4096,64,64,32,1024,9,0.0004304999893,0.000602167,0.0008955
1024,complex_div,4096,128,128,32,1024,9,0.0003557500022,0.000626666,0.000803291
1024,complex_div,4096,256,256,32,1024,9,0.0003629999992,0.000527,0.000867291
1024,complex_div,4096,512,512,32,1024,9,0.0004273333179,0.000632958,0.000941834
1024,add,65536,32,32,32,1024,9,0.0003264583356,0.000576708,0.001010084
1024,add,65536,64,64,32,1024,9,0.0003306666622,0.00058225,0.000929709
1024,add,65536,128,128,32,1024,9,0.0003276250209,0.000574542,0.0006895
1024,add,65536,256,256,32,1024,9,0.0003341249831,0.000584541,0.00114575
1024,add,65536,512,512,32,1024,9,0.000341624982,0.000588167,0.000801042
1024,sub,65536,32,32,32,1024,9,0.0003242916719,0.00055625,0.000810625
1024,sub,65536,64,64,32,1024,9,0.0003319583484,0.000573417,0.000597208
1024,sub,65536,128,128,32,1024,9,0.0003260000085,0.000568542,0.001229959
1024,sub,65536,256,256,32,1024,9,0.0003330833279,0.000593666,0.000845834
1024,sub,65536,512,512,32,1024,9,0.0003399999987,0.000570208,0.000607875
1024,mul,65536,32,32,32,1024,9,0.0004849999968,0.000715042,0.000811584
1024,mul,65536,64,64,32,1024,9,0.0004753750109,0.000712291,0.000723541
1024,mul,65536,128,128,32,1024,9,0.0004736249975,0.000727292,0.00075125
1024,mul,65536,256,256,32,1024,9,0.0005047916493,0.000719417,0.001075791
1024,mul,65536,512,512,32,1024,9,0.0005102499854,0.000759083,0.00131875
1024,div,65536,32,32,32,1024,9,0.0007915000024,0.00104,0.00137275
1024,div,65536,64,64,32,1024,9,0.0007868749963,0.001023833,0.00105275
1024,div,65536,128,128,32,1024,9,0.0007911249995,0.0010445,0.00148875
1024,div,65536,256,256,32,1024,9,0.0008357500192,0.001082625,0.001398833
1024,div,65536,512,512,32,1024,9,0.0009319166711,0.001175666,0.001204917
1024,complex_add,65536,32,32,32,1024,9,0.0007373749977,0.001124625,0.001350584
1024,complex_add,65536,64,64,32,1024,9,0.0007299999997,0.000993834,0.001230417
1024,complex_add,65536,128,128,32,1024,9,0.0007297499978,0.001297209,0.001341959
1024,complex_add,65536,256,256,32,1024,9,0.0007256666722,0.001277167,0.001331166
1024,complex_add,65536,512,512,32,1024,9,0.0008047499869,0.001075333,0.001436375
1024,complex_mul,65536,32,32,32,1024,9,0.0007676666719,0.001021917,0.001062417
1024,complex_mul,65536,64,64,32,1024,9,0.000774666667,0.0009935,0.001036334
1024,complex_mul,65536,128,128,32,1024,9,0.0008109583287,0.001066583,0.001365417
1024,complex_mul,65536,256,256,32,1024,9,0.0008256250003,0.001076584,0.001193
1024,complex_mul,65536,512,512,32,1024,9,0.0008579583373,0.001074084,0.001102334
1024,complex_div,65536,32,32,32,1024,9,0.001900499978,0.00215725,0.002700916
1024,complex_div,65536,64,64,32,1024,9,0.002041375003,0.002254583,0.002673959
1024,complex_div,65536,128,128,32,1024,9,0.002117750002,0.002403625,0.002710833
1024,complex_div,65536,256,256,32,1024,9,0.001955083309,0.002202209,0.00299075
1024,complex_div,65536,512,512,32,1024,9,0.001981874986,0.002270292,0.00317175
