bits,count,format,method,samples,gpu_median_s,wall_median_s
256,257,real,global,9,0.0001951250015,0.000410209
256,257,real,cooperative,9,0.000167833321,0.000414833
256,257,complex,global,9,0.0003837499826,0.000605375
256,257,complex,cooperative,9,0.0002353749878,0.000401667
384,257,real,global,9,0.0002856249921,0.000452041
384,257,real,cooperative,9,0.0002345416578,0.000387584
384,257,complex,global,9,0.0004921249929,0.000691417
384,257,complex,cooperative,9,0.0003673333267,0.000520958
1024,257,real,global,9,0.0006469166547,0.000886666
1024,257,real,cooperative,9,0.0005072499916,0.00072
1024,257,complex,global,9,0.001212749979,0.001433417
1024,257,complex,cooperative,9,0.0007282916631,0.000919834
256,4096,real,global,9,0.0001270000066,0.000307625
256,4096,real,cooperative,9,8.600001456e-05,0.000238125
256,4096,complex,global,9,0.0002181666496,0.000423709
256,4096,complex,cooperative,9,0.0001302500023,0.000293917
384,4096,real,global,9,0.000171291671,0.000361959
384,4096,real,cooperative,9,0.0001222499995,0.000272458
384,4096,complex,global,9,0.0002839166555,0.000478459
384,4096,complex,cooperative,9,0.0002147500054,0.000350375
1024,4096,real,global,9,0.0003699999943,0.0006075
1024,4096,real,cooperative,9,0.0002568333293,0.000424417
1024,4096,complex,global,9,0.0006850833306,0.000987
1024,4096,complex,cooperative,9,0.0005383333191,0.000738
256,65537,real,global,9,0.0001745416666,0.000437584
256,65537,real,cooperative,9,0.0001370833197,0.000278625
256,65537,complex,global,9,0.0005872499896,0.000911667
256,65537,complex,cooperative,9,0.000422333309,0.000628042
384,65537,real,global,9,0.000625250017,0.001012041
384,65537,real,cooperative,9,0.0004771249951,0.000695208
384,65537,complex,global,9,0.001155583333,0.001516333
384,65537,complex,cooperative,9,0.001027333317,0.001216875
1024,65537,real,global,9,0.0008166250191,0.001412458
1024,65537,real,cooperative,9,0.0007480000204,0.000961
1024,65537,complex,global,9,0.001631374995,0.0024095
1024,65537,complex,cooperative,9,0.002299749991,0.002537792
