bits,function,n,repeats,compile_s,gpu_device_ms,gpu_wall_ms,gpu_wall_min_ms,mpfr_serial_ms,mpfr_pool18_ms,serial_over_gpu_wall,pool_over_gpu_wall,retried_total,mismatches
224,exp,10000,5,0.017572,1.7161,1.9572,1.9176,9.9456,1.2525,5.0815,0.63992,0,0
224,exp,100000,5,2.334e-06,3.2266,3.5082,2.8224,99.43,11.819,28.342,3.3689,0,0
224,exp,1000000,5,3.375e-06,16.095,17.495,17.459,996.85,97.01,56.979,5.545,0,0
224,log,10000,5,0.00050871,2.4698,2.7203,2.6807,19.901,5.8244,7.3157,2.1411,0,0
224,log,100000,5,1.167e-06,2.7405,3.0261,3.0045,200.25,29.821,66.174,9.8544,0,0
224,log,1000000,5,1.167e-06,24.221,25.682,25.589,2099.7,230.19,81.758,8.9632,0,0
224,sin,10000,5,0.00044738,2.4493,2.6574,1.9076,12.715,5.2675,4.7848,1.9822,0,0
224,sin,100000,5,7.09e-07,3.0735,3.4446,2.5383,120.82,16.972,35.076,4.9271,0,0
224,sin,1000000,5,9.16e-07,19.384,22.133,20.939,1165.7,153.13,52.669,6.9188,0,0
224,complex_exp,10000,5,0.00062067,3.4768,3.71,1.7447,35.803,5.2322,9.6503,1.4103,0,0
224,complex_exp,100000,5,1.167e-06,4.3367,4.874,4.8036,324.34,33.342,66.545,6.8408,0,0
224,complex_exp,1000000,5,8.33e-07,38.462,41.672,41.095,3168.7,474.18,76.039,11.379,0,0
224,complex_log,10000,5,0.0011003,2.0022,2.3506,1.6735,45.516,3.6563,19.364,1.5555,0,0
224,complex_log,100000,5,1e-06,5.4621,6.0353,5.9823,396.28,36.82,65.661,6.1008,0,0
224,complex_log,1000000,5,9.16e-07,51.334,54.662,54.544,3966.5,319.91,72.563,5.8525,0,0
224,complex_powi,10000,5,0.00082258,1.0875,1.4995,1.4163,9.1927,1.5651,6.1305,1.0437,0,0
224,complex_powi,100000,5,3e-06,1.9375,2.4137,2.2992,93.206,13.369,38.616,5.5387,0,0
224,complex_powi,1000000,5,9.58e-07,15.734,18.984,18.764,920.52,113.48,48.49,5.978,0,0
256,exp,10000,5,0.0013116,1.7519,2.0504,1.1042,10.608,1.2869,5.1738,0.62764,0,0
256,exp,100000,5,3.167e-06,4.0363,4.4234,3.7545,105.52,10.491,23.855,2.3716,0,0
256,exp,1000000,5,1.083e-06,19.787,21.304,21.036,1052.5,94.039,49.406,4.4142,0,0
256,log,10000,5,0.00050062,1.2783,1.9051,1.5175,20.579,2.4078,10.802,1.2639,0,0
256,log,100000,5,1.042e-06,5.0633,5.4689,4.3893,205.88,18.542,37.646,3.3905,0,0
256,log,1000000,5,1.167e-06,29.983,31.55,31.358,2036.1,156.14,64.537,4.9489,0,0
256,sin,10000,5,0.00041254,2.7909,3.1347,1.5233,11.332,1.6781,3.615,0.53534,0,0
256,sin,100000,5,8.75e-07,4.016,4.4112,3.8517,113.34,13.715,25.694,3.1092,0,0
256,sin,1000000,5,1.083e-06,24.719,26.354,26.279,1138,107.06,43.183,4.0624,0,0
256,complex_exp,10000,5,0.000574,1.7181,2.093,1.8421,35.16,4.703,16.799,2.247,0,0
256,complex_exp,100000,5,9.17e-07,5.336,5.8711,5.8375,349.8,36.764,59.581,6.2619,0,0
256,complex_exp,1000000,5,2.792e-06,46.858,50.375,50.02,3500.4,333.03,69.487,6.6109,0,0
256,complex_log,10000,5,0.00098338,1.6739,2.0883,1.6945,46.376,5.6092,22.207,2.686,0,0
256,complex_log,100000,5,1.166e-06,6.1919,6.7107,6.6855,468.72,45.044,69.847,6.7123,0,0
256,complex_log,1000000,5,1.459e-06,58.745,62.232,62.092,4685,630.9,75.282,10.138,0,0
256,complex_powi,10000,5,0.00087675,1.13,1.3383,1.3313,11.515,2.5972,8.6041,1.9406,0,0
256,complex_powi,100000,5,1.292e-06,3.2571,3.7681,3.619,110.53,19.295,29.333,5.1207,0,0
256,complex_powi,1000000,5,1.333e-06,15.834,19.665,19.562,1122.5,150.87,57.079,7.6718,0,0
384,exp,10000,5,0.0021209,1.1602,1.3861,1.3499,18.422,6.2289,13.291,4.4939,0,0
384,exp,100000,5,1.083e-06,3.4518,3.8995,3.4649,179.84,21.883,46.119,5.6118,0,0
384,exp,1000000,5,1.667e-06,29.408,32.268,32.181,1826.9,164.22,56.615,5.089,0,0
384,log,10000,5,0.00057917,1.6939,2.0072,1.4274,26.45,3.059,13.178,1.524,0,0
384,log,100000,5,1.375e-06,5.6776,6.1234,4.9837,257.18,22.482,42,3.6714,0,0
384,log,1000000,5,1.041e-06,40.648,42.981,42.654,3027.3,326.53,70.434,7.5973,0,0
384,sin,10000,5,0.00047104,1.7017,1.9268,1.5076,17.687,1.717,9.1799,0.89116,0,0
384,sin,100000,5,1.208e-06,4.391,4.8927,4.6669,168.84,17.162,34.509,3.5076,0,0
384,sin,1000000,5,1.375e-06,37.958,40.413,39.927,1467.7,132.27,36.316,3.273,0,0
384,complex_exp,10000,5,0.00063212,1.836,2.0787,1.7762,49.934,6.8545,24.022,3.2975,0,0
384,complex_exp,100000,5,1.083e-06,7.9621,8.5331,7.7917,505.37,47.514,59.225,5.5681,0,0
384,complex_exp,1000000,5,1.125e-06,68.404,72.561,72.413,4984.5,443.47,68.694,6.1117,0,0
384,complex_log,10000,5,0.0011322,1.5457,1.8471,1.811,61.8,6.8964,33.457,3.7336,0,0
384,complex_log,100000,5,9.58e-07,8.4297,9.0394,8.9922,610.02,52.329,67.484,5.7889,0,0
384,complex_log,1000000,5,1.292e-06,81.203,85.659,85.427,6111.8,491.06,71.35,5.7327,0,0
384,complex_powi,10000,5,0.00084479,1.2876,1.6308,1.5683,10.282,1.345,6.3048,0.82475,0,0
384,complex_powi,100000,5,1e-06,2.3762,2.9867,2.8712,105.22,13.239,35.229,4.4328,0,0
384,complex_powi,1000000,5,1.542e-06,20.917,25.377,23.777,1014.4,107.91,39.973,4.2523,0,0
