op,bits,points_or_segments,degree_or_length,order,mode,gpu_device_s,gpu_wall_s,mpfr_serial_s,mpfr_pool_s,mpc_pool_s,serial_over_gpu_wall,pool_over_gpu_wall
poly,224,1000,4,0,composed,0.0005851,0.001144,0.001113,0.0001839,0.0001777,0.9724,0.1607
poly,256,1000,4,0,composed,0.0006885,0.0009001,0.001025,0.0001679,0.0001613,1.139,0.1866
poly,384,1000,4,0,composed,0.0008576,0.001093,0.001315,0.000203,0.0001902,1.204,0.1858
poly,224,1000,4,2,composed,0.001358,0.001597,0.002605,0.000367,0.0003404,1.631,0.2298
poly,256,1000,4,2,composed,0.0006434,0.000861,0.002468,0.0003642,0.0003636,2.867,0.4231
poly,384,1000,4,2,composed,0.000864,0.001094,0.00281,0.0003401,0.000362,2.568,0.3109
poly,224,1000,16,0,composed,0.0009803,0.001206,0.004114,0.000806,0.000797,3.411,0.6683
poly,256,1000,16,0,composed,0.001214,0.001648,0.003586,0.001654,0.0005303,2.176,1.003
poly,384,1000,16,0,composed,0.001837,0.004028,0.005116,0.0007598,0.0007805,1.27,0.1886
poly,224,1000,16,2,composed,0.003408,0.004074,0.01205,0.001576,0.001418,2.957,0.3869
poly,256,1000,16,2,composed,0.001836,0.002168,0.01055,0.001731,0.0018,4.865,0.7983
poly,384,1000,16,2,composed,0.002248,0.002642,0.01354,0.001665,0.001679,5.127,0.6302
poly,224,1000,64,0,composed,0.002272,0.003183,0.01376,0.002018,0.001912,4.323,0.6339
poly,256,1000,64,0,composed,0.002971,0.003766,0.01504,0.001747,0.001822,3.995,0.4639
poly,384,1000,64,0,composed,0.003942,0.004994,0.0168,0.003844,0.004439,3.364,0.7697
poly,224,1000,64,2,composed,0.005958,0.006228,0.04276,0.007396,0.006135,6.865,1.188
poly,256,1000,64,2,composed,0.007276,0.007603,0.0433,0.01042,0.007653,5.694,1.37
poly,384,1000,64,2,composed,0.009191,0.009526,0.05773,0.0118,0.01103,6.06,1.239
poly,224,10000,4,0,composed,0.0001704,0.001042,0.01055,0.001929,0.001919,10.12,1.852
poly,256,10000,4,0,composed,0.0002639,0.000515,0.009881,0.001885,0.001864,19.19,3.661
poly,384,10000,4,0,composed,0.0004599,0.0008517,0.01267,0.001726,0.002157,14.87,2.027
poly,224,10000,4,2,composed,0.001374,0.001714,0.02395,0.003724,0.002953,13.97,2.172
poly,256,10000,4,2,composed,0.001722,0.002145,0.0247,0.003079,0.003368,11.51,1.435
poly,384,10000,4,2,composed,0.002108,0.002713,0.02692,0.004228,0.004514,9.922,1.559
poly,224,10000,16,0,composed,0.002518,0.003083,0.03312,0.005016,0.004987,10.74,1.627
poly,256,10000,16,0,composed,0.002735,0.00334,0.03568,0.006615,0.006603,10.68,1.981
poly,384,10000,16,0,composed,0.002736,0.003319,0.04347,0.005521,0.005386,13.1,1.663
poly,224,10000,16,2,composed,0.003706,0.00399,0.1179,0.01741,0.01637,29.55,4.364
poly,256,10000,16,2,composed,0.00307,0.003384,0.1403,0.01834,0.02065,41.46,5.42
poly,384,10000,16,2,composed,0.00332,0.004407,0.1375,0.01626,0.01904,31.2,3.69
poly,224,10000,64,0,composed,0.005225,0.005884,0.1583,0.02103,0.01954,26.91,3.574
poly,256,10000,64,0,composed,0.003316,0.003641,0.1514,0.02064,0.02276,41.59,5.67
poly,384,10000,64,0,composed,0.00365,0.004008,0.1844,0.02714,0.02658,46,6.772
poly,224,10000,64,2,composed,0.006642,0.007042,0.4423,0.04953,0.05306,62.81,7.034
poly,256,10000,64,2,composed,0.007492,0.007875,0.5406,0.06344,0.0721,68.65,8.056
poly,384,10000,64,2,composed,0.009595,0.01024,0.4857,0.09441,0.06972,47.42,9.218
poly,224,100000,4,0,composed,0.001989,0.002581,0.09524,0.02655,0.02667,36.9,10.29
poly,256,100000,4,0,composed,0.001514,0.00205,0.09656,0.03214,0.03007,47.11,15.68
poly,384,100000,4,0,composed,0.001987,0.002705,0.1107,0.0325,0.0349,40.93,12.01
poly,224,100000,4,2,composed,0.004189,0.005204,0.2327,0.03892,0.03005,44.71,7.48
poly,256,100000,4,2,composed,0.002868,0.00398,0.2484,0.028,0.02935,62.41,7.037
poly,384,100000,4,2,composed,0.003122,0.004258,0.272,0.03044,0.03489,63.89,7.15
poly,224,100000,16,0,composed,0.004164,0.004833,0.3529,0.06576,0.0583,73.01,13.61
poly,256,100000,16,0,composed,0.004427,0.004968,0.3579,0.04754,0.04814,72.04,9.571
poly,384,100000,16,0,composed,0.004563,0.005358,0.444,0.05247,0.05299,82.88,9.793
poly,224,100000,16,2,composed,0.01357,0.01449,0.9631,0.1127,0.09906,66.47,7.777
poly,256,100000,16,2,composed,0.01393,0.01492,1.174,0.123,0.1143,78.71,8.242
poly,384,100000,16,2,composed,0.01282,0.01413,1.248,0.1626,0.1596,88.35,11.51
poly,224,100000,64,0,composed,0.01764,0.01831,1.574,0.1682,0.3322,85.96,9.185
poly,256,100000,64,0,composed,0.01856,0.01925,2.068,0.2584,0.3036,107.5,13.42
poly,384,100000,64,0,composed,0.02185,0.02264,2.402,0.2598,0.2819,106.1,11.48
poly,224,100000,64,2,composed,0.06092,0.06217,5.084,0.7641,0.5399,81.77,12.29
poly,256,100000,64,2,composed,0.0623,0.06382,7.016,0.6698,0.9001,109.9,10.5
poly,384,100000,64,2,composed,0.05825,0.05974,6.239,0.8194,0.9223,104.4,13.71
poly,224,1000000,4,0,composed,0.009186,0.01304,1.216,0.2457,0.2054,93.23,18.84
poly,256,1000000,4,0,composed,0.009854,0.01324,1.093,0.2999,0.3345,82.58,22.66
poly,384,1000000,4,0,composed,0.009133,0.01415,1.382,0.3325,0.274,97.66,23.5
poly,224,1000000,4,2,composed,0.02657,0.03334,5.263,0.5293,0.4419,157.8,15.87
poly,256,1000000,4,2,composed,0.02871,0.05283,2.871,0.501,0.5961,54.36,9.484
poly,384,1000000,4,2,composed,0.02677,0.03632,3.705,0.7562,0.7603,102,20.82
poly,224,1000000,16,0,composed,0.04095,0.04551,5.636,1.775,1.741,123.8,39
poly,256,1000000,16,0,composed,0.0425,0.05419,12.97,1.124,1.389,239.3,20.73
poly,384,1000000,16,0,composed,0.03973,0.04569,6.162,1.327,1.074,134.9,29.04
poly,224,1000000,16,2,composed,0.1606,0.1683,27.18,2.647,2.332,161.5,15.73
poly,256,1000000,16,2,composed,0.2112,0.2185,13.53,2.173,2.124,61.93,9.944
poly,384,1000000,16,2,composed,0.17,0.1791,18.5,5.062,3.247,103.3,28.25
poly,224,1000000,64,0,composed,0.2859,0.2898,21.14,2.84,2.66,72.95,9.797
poly,256,1000000,64,0,composed,0.2744,0.2779,18.96,2.864,2.117,68.24,10.3
poly,384,1000000,64,0,composed,0.2859,0.292,23.25,2.518,2.491,79.61,8.622
poly,224,1000000,64,2,composed,0.8399,0.8477,62.97,6.859,5.834,74.29,8.092
poly,256,1000000,64,2,composed,0.8254,0.8372,57.59,8.004,6.93,68.79,9.56
poly,384,1000000,64,2,composed,0.8454,0.8568,69.65,6.471,6.656,81.29,7.553
poly,256,1000,32,0,fused,0.001884,0.002238,0,0,0,0,0
poly,256,1000,32,2,fused,0.005612,0.005937,0,0,0,0,0
poly,256,10000,32,0,fused,0.002777,0.003175,0,0,0,0,0
poly,256,10000,32,2,fused,0.009154,0.009611,0,0,0,0,0
poly,256,100000,32,0,fused,0.01892,0.01977,0,0,0,0,0
poly,256,100000,32,2,fused,0.06006,0.0616,0,0,0,0,0
poly,256,1000000,32,0,fused,0.205,0.2094,0,0,0,0,0
poly,256,1000000,32,2,fused,0.8684,0.8767,0,0,0,0,0
norm_inf,256,1,1000000,,,0.0009907,0.005064,1.122,0.1023,,221.5,20.21
norm_max,256,1,1000000,,,0.0005128,0.003205,0,0,,0,0
norm2,256,1,1000000,,,0.002329,0.004472,0,0,,0,0
scaled_residual,256,1,1000000,,,0.006474,0.01022,0,0,,0,0
summarize_status,256,1,1000000,,,0.000185,0.002189,0,0,,0,0
norm_inf,256,10000,100,,,0.0009253,0.003479,0.8374,0.1286,,240.7,36.96
norm_max,256,10000,100,,,0.0002503,0.003122,0,0,,0,0
norm2,256,10000,100,,,0.004113,0.00652,0,0,,0,0
scaled_residual,256,10000,100,,,0.007092,0.0115,0,0,,0,0
summarize_status,256,10000,100,,,0.0001816,0.003049,0,0,,0,0
norm_inf,384,1,1000000,,,0.002507,0.005198,0.553,0.06296,,106.4,12.11
norm_max,384,1,1000000,,,0.0002867,0.003199,0,0,,0,0
norm2,384,1,1000000,,,0.004378,0.007534,0,0,,0,0
scaled_residual,384,1,1000000,,,0.01184,0.01614,0,0,,0,0
summarize_status,384,1,1000000,,,0.0002438,0.003703,0,0,,0,0
