repeat,bits,lanes,kernel,G,limbs_per_lane,threads,steps,samples,median_us_per_step,min_us_per_step,speedup_vs_thread
1,256,32,thread,1,8,32,64,9,102.805,102.221,1
1,256,32,coop,4,2,128,64,9,47.791,46.8854,2.15114
1,256,32,coop,8,1,256,64,9,37.9271,37.5124,2.7106
1,256,32,coop,16,1,512,64,9,38.5833,38.3568,2.6645
1,256,32,coop,32,1,1024,64,9,29.6758,29.4857,3.46428
1,256,128,thread,1,8,128,64,9,103.164,102.645,1
1,256,128,coop,4,2,512,64,9,49.2005,47.9518,2.09681
1,256,128,coop,8,1,1024,64,9,38.3672,38.0671,2.68886
1,256,128,coop,16,1,2048,64,9,41.3906,41.1738,2.49245
1,256,128,coop,32,1,4096,64,9,32.9505,32.6185,3.13088
1,256,512,thread,1,8,512,64,9,106.391,106.238,1
1,256,512,coop,4,2,2048,64,9,49.2331,49.0521,2.16097
1,256,512,coop,8,1,4096,64,9,41.8555,41.7591,2.54187
1,256,512,coop,16,1,8192,64,9,42.3281,42.2311,2.51349
1,256,512,coop,32,1,16384,64,9,45.1582,44.7129,2.35597
1,256,2048,thread,1,8,2048,64,9,115.192,111.978,1
1,256,2048,coop,4,2,8192,64,9,52.3164,50.1641,2.20183
1,256,2048,coop,8,1,16384,64,9,57.3887,53.7396,2.00723
1,256,2048,coop,16,1,32768,64,9,88.4434,85.1615,1.30244
1,256,2048,coop,32,1,65536,64,9,151.402,147.455,0.760837
1,256,8192,thread,1,8,8192,64,9,171.859,141.96,1
1,256,8192,coop,4,2,32768,64,9,172.986,140.473,0.993485
1,256,8192,coop,8,1,65536,64,9,275.231,216.872,0.624418
1,256,8192,coop,16,1,131072,64,9,516.541,424.164,0.332712
1,256,8192,coop,32,1,262144,64,9,872.146,732.441,0.197053
1,256,16384,thread,1,8,16384,64,9,204.322,182.301,1
1,256,16384,coop,4,2,65536,64,9,319.47,286.387,0.639566
1,256,16384,coop,8,1,131072,64,9,492.444,455.143,0.414915
1,256,16384,coop,16,1,262144,64,9,990.292,894.923,0.206325
1,256,16384,coop,32,1,524288,64,9,1592.46,1469.48,0.128306
1,256,32768,thread,1,8,32768,64,9,402.742,390.465,1
1,256,32768,coop,4,2,131072,64,9,593.807,577.607,0.678238
1,256,32768,coop,8,1,262144,64,9,945.092,921.152,0.426141
1,256,32768,coop,16,1,524288,64,9,1913.03,1874.1,0.210526
1,256,32768,coop,32,1,1048576,64,9,3260.52,3180.7,0.123521
1,384,32,thread,1,12,32,64,9,162.941,160.758,1
1,384,32,coop,4,3,128,64,9,58.8646,58.6712,2.76807
1,384,32,coop,8,2,256,64,9,39.0664,38.9141,4.17088
1,384,32,coop,16,1,512,64,9,29.7441,29.6484,5.4781
1,384,32,coop,32,1,1024,64,9,27.2402,27.1901,5.98164
1,384,128,thread,1,12,128,64,9,164.111,162.736,1
1,384,128,coop,4,3,512,64,9,61.957,59.9173,2.64879
1,384,128,coop,8,2,1024,64,9,39.1921,39.0651,4.18736
1,384,128,coop,16,1,2048,64,9,30.3906,30.2441,5.40006
1,384,128,coop,32,1,4096,64,9,27.5664,27.5475,5.95331
1,384,512,thread,1,12,512,64,9,169.16,168.291,1
1,384,512,coop,4,3,2048,64,9,62.1133,61.9551,2.7234
1,384,512,coop,8,2,4096,64,9,44.2305,44.1172,3.8245
1,384,512,coop,16,1,8192,64,9,32.4316,32.3457,5.21588
1,384,512,coop,32,1,16384,64,9,53.627,53.4622,3.15437
1,384,2048,thread,1,12,2048,64,9,176.337,170.59,1
1,384,2048,coop,4,3,8192,64,9,63.9707,62.2422,2.75653
1,384,2048,coop,8,2,16384,64,9,70.3574,68.9492,2.50631
1,384,2048,coop,16,1,32768,64,9,98.8542,95.3047,1.78381
1,384,2048,coop,32,1,65536,64,9,174.763,170.188,1.00901
1,384,8192,thread,1,12,8192,64,9,239.914,201.534,1
1,384,8192,coop,4,3,32768,64,9,228.532,191.699,1.04981
1,384,8192,coop,8,2,65536,64,9,308.576,257.023,0.777487
1,384,8192,coop,16,1,131072,64,9,497.516,419.053,0.482224
1,384,8192,coop,32,1,262144,64,9,902.778,785.084,0.265751
1,384,16384,thread,1,12,16384,64,9,265.787,264.096,1
1,384,16384,coop,4,3,65536,64,9,393.285,390.561,0.675814
1,384,16384,coop,8,2,131072,64,9,579.374,571.799,0.458749
1,384,16384,coop,16,1,262144,64,9,928.52,922.745,0.286248
1,384,16384,coop,32,1,524288,64,9,1725.87,1716.82,0.154002
1,384,32768,thread,1,12,32768,64,9,576.666,524.734,1
1,384,32768,coop,4,3,131072,64,9,804.658,770.314,0.71666
1,384,32768,coop,8,2,262144,64,9,1213.99,1125.69,0.475019
1,384,32768,coop,16,1,524288,64,9,1947.16,1899.59,0.296157
1,384,32768,coop,32,1,1048576,64,9,3641.76,3553.66,0.158348
1,1024,32,thread,1,32,32,64,9,554.845,553.393,1
1,1024,32,coop,4,8,128,64,9,287.23,285.254,1.93171
1,1024,32,coop,8,4,256,64,9,91.6562,91.0072,6.05354
1,1024,32,coop,16,2,512,64,9,50.5026,50.3867,10.9865
1,1024,32,coop,32,1,1024,64,9,41.0391,40.9401,13.5199
1,1024,128,thread,1,32,128,64,9,559.76,559.109,1
1,1024,128,coop,4,8,512,64,9,290.533,288.753,1.92667
1,1024,128,coop,8,4,1024,64,9,94.5677,94.5176,5.91914
1,1024,128,coop,16,2,2048,64,9,54.3164,54.2194,10.3055
1,1024,128,coop,32,1,4096,64,9,41.332,41.2428,13.543
1,1024,512,thread,1,32,512,64,9,560.656,560.403,1
1,1024,512,coop,4,8,2048,64,9,291.654,291.589,1.92233
1,1024,512,coop,8,4,4096,64,9,94.612,94.5098,5.92585
1,1024,512,coop,16,2,8192,64,9,66.2201,65.8952,8.46656
1,1024,512,coop,32,1,16384,64,9,93.8281,93.6328,5.97535
1,1024,2048,thread,1,32,2048,64,9,603.273,569.082,1
1,1024,2048,coop,4,8,8192,64,9,443.895,411.785,1.35905
1,1024,2048,coop,8,4,16384,64,9,191.109,182.209,3.1567
1,1024,2048,coop,16,2,32768,64,9,190.522,178.982,3.16642
1,1024,2048,coop,32,1,65536,64,9,319.096,303.932,1.89057
1,1024,8192,thread,1,32,8192,64,9,952.492,908.104,1
1,1024,8192,coop,4,8,32768,64,9,1571.73,1528.45,0.606016
1,1024,8192,coop,8,4,65536,64,9,789.585,760.298,1.20632
1,1024,8192,coop,16,2,131072,64,9,912.455,879.932,1.04388
1,1024,8192,coop,32,1,262144,64,9,1680.38,1531.94,0.566831
1,1024,16384,thread,1,32,16384,64,9,1381.79,1358.62,1
1,1024,16384,coop,4,8,65536,64,9,3111.85,3059.71,0.444043
1,1024,16384,coop,8,4,131072,64,9,1601.69,1538.06,0.862712
1,1024,16384,coop,16,2,262144,64,9,1846.38,1775.11,0.748379
1,1024,16384,coop,32,1,524288,64,9,3204.47,3095.57,0.431208
1,1024,32768,thread,1,32,32768,64,9,2676.75,2649.08,1
1,1024,32768,coop,4,8,131072,64,9,6170.39,6114.2,0.433806
1,1024,32768,coop,8,4,262144,64,9,3155.78,2964.25,0.848207
1,1024,32768,coop,16,2,524288,64,9,3684.4,3543.03,0.726511
1,1024,32768,coop,32,1,1048576,64,9,6252.32,6142.23,0.428121
2,256,32,thread,1,8,32,64,9,102.973,102.811,1
2,256,32,coop,4,2,128,64,9,46.2962,45.7435,2.22421
2,256,32,coop,8,1,256,64,9,37.6113,37.3125,2.73781
2,256,32,coop,16,1,512,64,9,39.5957,39.4434,2.6006
2,256,32,coop,32,1,1024,64,9,29.8008,29.7174,3.45537
2,256,128,thread,1,8,128,64,9,105.414,104.361,1
2,256,128,coop,4,2,512,64,9,48.5729,47.2611,2.17022
2,256,128,coop,8,1,1024,64,9,38.3184,38.2715,2.75101
2,256,128,coop,16,1,2048,64,9,42.3952,41.9948,2.48646
2,256,128,coop,32,1,4096,64,9,33.3145,33.1966,3.16421
2,256,512,thread,1,8,512,64,9,108.159,107.887,1
2,256,512,coop,4,2,2048,64,9,48.5957,48.5059,2.22569
2,256,512,coop,8,1,4096,64,9,41.8184,41.75,2.5864
2,256,512,coop,16,1,8192,64,9,42.8001,42.6628,2.52707
2,256,512,coop,32,1,16384,64,9,44.9375,44.554,2.40687
2,256,2048,thread,1,8,2048,64,9,112.611,109.891,1
2,256,2048,coop,4,2,8192,64,9,50.7376,49.3184,2.21948
2,256,2048,coop,8,1,16384,64,9,54.877,53.7572,2.05207
2,256,2048,coop,16,1,32768,64,9,85.6302,83.806,1.31509
2,256,2048,coop,32,1,65536,64,9,148.314,145.561,0.759274
2,256,8192,thread,1,8,8192,64,9,163.494,133.262,1
2,256,8192,coop,4,2,32768,64,9,163.214,130.363,1.00172
2,256,8192,coop,8,1,65536,64,9,255.273,204.676,0.640468
2,256,8192,coop,16,1,131072,64,9,511.141,409.221,0.319861
2,256,8192,coop,32,1,262144,64,9,814.143,681.198,0.200818
2,256,16384,thread,1,8,16384,64,9,177.084,174.764,1
2,256,16384,coop,4,2,65536,64,9,279.126,272.994,0.634422
2,256,16384,coop,8,1,131072,64,9,451.77,437.824,0.391979
2,256,16384,coop,16,1,262144,64,9,892.002,868.064,0.198524
2,256,16384,coop,32,1,524288,64,9,1503.46,1443.03,0.117784
2,256,32768,thread,1,8,32768,64,9,348.131,344.898,1
2,256,32768,coop,4,2,131072,64,9,509.398,498.305,0.683417
2,256,32768,coop,8,1,262144,64,9,851.605,802.288,0.408794
2,256,32768,coop,16,1,524288,64,9,1779.85,1635.16,0.195595
2,256,32768,coop,32,1,1048576,64,9,2881.24,2826,0.120827
2,384,32,thread,1,12,32,64,9,197.682,184.799,1
2,384,32,coop,4,3,128,64,9,72.6875,70.0716,2.71962
2,384,32,coop,8,2,256,64,9,46.8984,44.2233,4.21511
2,384,32,coop,16,1,512,64,9,35.9349,35.6875,5.50112
2,384,32,coop,32,1,1024,64,9,34.2507,32.0911,5.77164
2,384,128,thread,1,12,128,64,9,171.181,167.31,1
2,384,128,coop,4,3,512,64,9,64.1777,61.7936,2.6673
2,384,128,coop,8,2,1024,64,9,40.3164,40.1699,4.24594
2,384,128,coop,16,1,2048,64,9,31.6738,30.8737,5.40449
2,384,128,coop,32,1,4096,64,9,29.0254,28.9629,5.89763
2,384,512,thread,1,12,512,64,9,165.368,165.156,1
2,384,512,coop,4,3,2048,64,9,61.9368,61.7637,2.66995
2,384,512,coop,8,2,4096,64,9,44.2435,44.1426,3.73769
2,384,512,coop,16,1,8192,64,9,32.3561,32.2227,5.11089
2,384,512,coop,32,1,16384,64,9,53.4531,53.2819,3.09371
2,384,2048,thread,1,12,2048,64,9,174.286,167.63,1
2,384,2048,coop,4,3,8192,64,9,64.1009,63.3105,2.71894
2,384,2048,coop,8,2,16384,64,9,70.929,68.8861,2.45719
2,384,2048,coop,16,1,32768,64,9,99.2637,96.1563,1.75579
2,384,2048,coop,32,1,65536,64,9,174.497,170.755,0.998791
2,384,8192,thread,1,12,8192,64,9,256.598,204.223,1
2,384,8192,coop,4,3,32768,64,9,243.211,194.143,1.05504
2,384,8192,coop,8,2,65536,64,9,328.684,263.472,0.780685
2,384,8192,coop,16,1,131072,64,9,524.898,420.577,0.488853
2,384,8192,coop,32,1,262144,64,9,940.836,783.337,0.272734
2,384,16384,thread,1,12,16384,64,9,293.396,257.211,1
2,384,16384,coop,4,3,65536,64,9,437.647,388.037,0.670394
2,384,16384,coop,8,2,131072,64,9,639.455,564.148,0.458822
2,384,16384,coop,16,1,262144,64,9,1026.68,914.261,0.285772
2,384,16384,coop,32,1,524288,64,9,1888.28,1688.24,0.155378
2,384,32768,thread,1,12,32768,64,9,525.104,518.275,1
2,384,32768,coop,4,3,131072,64,9,747.556,731.463,0.702427
2,384,32768,coop,8,2,262144,64,9,1131.53,1105.21,0.464066
2,384,32768,coop,16,1,524288,64,9,1811.06,1779.67,0.289943
2,384,32768,coop,32,1,1048576,64,9,3396,3371.26,0.154624
2,1024,32,thread,1,32,32,64,9,560.796,539.739,1
2,1024,32,coop,4,8,128,64,9,288.658,281.354,1.94277
2,1024,32,coop,8,4,256,64,9,95.7598,93.2695,5.85628
2,1024,32,coop,16,2,512,64,9,51.7428,50.4277,10.8381
2,1024,32,coop,32,1,1024,64,9,43.207,40.625,12.9793
2,1024,128,thread,1,32,128,64,9,557.12,555.188,1
2,1024,128,coop,4,8,512,64,9,286.27,284.541,1.94614
2,1024,128,coop,8,4,1024,64,9,94.4108,94.252,5.90102
2,1024,128,coop,16,2,2048,64,9,54.7656,54.515,10.1728
2,1024,128,coop,32,1,4096,64,9,40.9303,40.8281,13.6114
2,1024,512,thread,1,32,512,64,9,564.523,561.768,1
2,1024,512,coop,4,8,2048,64,9,286.203,285.91,1.97246
2,1024,512,coop,8,4,4096,64,9,94.3822,94.2969,5.98125
2,1024,512,coop,16,2,8192,64,9,66.3398,65.4564,8.50957
2,1024,512,coop,32,1,16384,64,9,93.5182,93.3477,6.03651
2,1024,2048,thread,1,32,2048,64,9,600.549,569.462,1
2,1024,2048,coop,4,8,8192,64,9,449.781,415.348,1.3352
2,1024,2048,coop,8,4,16384,64,9,189.793,181.865,3.16423
2,1024,2048,coop,16,2,32768,64,9,190.958,179.23,3.14492
2,1024,2048,coop,32,1,65536,64,9,320.082,303.117,1.87623
2,1024,8192,thread,1,32,8192,64,9,1027.11,943.086,1
2,1024,8192,coop,4,8,32768,64,9,1689.26,1566.29,0.608022
2,1024,8192,coop,8,4,65536,64,9,833.748,769.863,1.23191
2,1024,8192,coop,16,2,131072,64,9,975.503,904.099,1.0529
2,1024,8192,coop,32,1,262144,64,9,1687.69,1581.18,0.608588
2,1024,16384,thread,1,32,16384,64,9,1399.6,1360.82,1
2,1024,16384,coop,4,8,65536,64,9,3118.09,3020.91,0.448865
2,1024,16384,coop,8,4,131072,64,9,1596.65,1531.85,0.876587
2,1024,16384,coop,16,2,262144,64,9,1833.79,1776.51,0.763229
2,1024,16384,coop,32,1,524288,64,9,3147.11,3087.77,0.444727
2,1024,32768,thread,1,32,32768,64,9,2595.79,2512.51,1
2,1024,32768,coop,4,8,131072,64,9,5869.88,5634.75,0.442222
2,1024,32768,coop,8,4,262144,64,9,2906.33,2781.29,0.893149
2,1024,32768,coop,16,2,524288,64,9,3464.61,3336.87,0.74923
2,1024,32768,coop,32,1,1048576,64,9,5996.18,5774.5,0.432907
