bits,function,n,hard_fraction,before_host_device_ms,after_host_device_ms,before_host_wall_ms,after_host_wall_ms,before_resident_device_ms,after_resident_device_ms,before_resident_wall_ms,after_resident_wall_ms,ratio_host_device_ms,ratio_host_wall_ms,ratio_resident_device_ms,ratio_resident_wall_ms,before_retried,after_retried,after_rung1,after_rung2,after_rung3,after_host_retried,after_resident_mismatches,rounds
224,exp,10000,0.001,0.6972,1.67,1.007,1.964,0.7004,1.671,1.074,2.132,0.417,0.512,0.419,0.504,3,3,0,3,0,0,0,4
224,exp,100000,0.001,1.899,3.096,2.844,3.616,1.906,3.079,2.924,3.768,0.613,0.786,0.619,0.776,33,33,0,33,0,0,0,4
224,exp,1000000,0.001,17.47,19.6,21.52,24.85,17.85,19.68,21.87,23.28,0.891,0.866,0.907,0.940,333,333,0,333,0,0,0,4
224,exp,10000,0.01,0.4694,1.633,1.869,2.173,0.4735,1.63,1.701,2.885,0.287,0.860,0.291,0.589,33,33,0,33,0,0,0,4
224,exp,100000,0.01,2.433,3.389,6.037,3.918,2.364,3.375,5.919,4.101,0.718,1.541,0.700,1.443,333,333,0,333,0,0,0,4
224,exp,1000000,0.01,19.09,21.52,34.56,24.28,19.17,21.64,34.08,24.21,0.887,1.423,0.886,1.408,3333,3333,0,3333,0,0,0,4
224,log1p,10000,0.001,0.6661,1.928,1.055,2.204,0.6717,1.925,1.159,2.333,0.346,0.479,0.349,0.497,4,4,0,4,0,0,0,4
224,log1p,100000,0.001,3.384,4.729,4.254,5.618,3.389,4.745,4.852,5.542,0.716,0.757,0.714,0.876,34,34,0,34,0,0,0,4
224,log1p,1000000,0.001,35.82,38.42,40.59,41.09,36.75,38.28,41,41.19,0.932,0.988,0.960,0.996,334,334,0,334,0,0,0,4
224,log1p,10000,0.01,0.7174,1.925,1.324,2.174,0.7041,1.907,1.402,2.335,0.373,0.609,0.369,0.601,34,34,0,34,0,0,0,4
224,log1p,100000,0.01,3.501,4.751,6.036,5.263,3.422,4.791,5.951,5.525,0.737,1.147,0.714,1.077,334,334,0,334,0,0,0,4
224,log1p,1000000,0.01,33.76,37.58,46.63,40.29,34.47,37.82,45.94,41.11,0.898,1.157,0.911,1.118,3334,3334,0,3334,0,0,0,4
224,cos,10000,0.001,0.6378,2.177,0.9972,2.818,0.6412,2.182,1.078,3.119,0.293,0.354,0.294,0.346,4,4,0,4,0,0,0,4
224,cos,100000,0.001,2.44,3.882,3.586,4.485,2.44,3.846,3.91,4.843,0.629,0.800,0.634,0.808,34,34,10,24,0,0,0,4
224,cos,1000000,0.001,25.13,26.18,31.1,28.31,25.13,26.6,30.48,29.78,0.960,1.098,0.945,1.024,334,334,110,224,0,0,0,4
224,cos,10000,0.01,0.6847,2.312,1.826,2.703,0.6839,2.287,2.465,2.997,0.296,0.675,0.299,0.822,34,34,10,24,0,0,0,4
224,cos,100000,0.01,2.714,4.353,7.343,4.917,2.723,4.376,6.762,5.229,0.624,1.494,0.622,1.293,334,334,110,224,0,0,0,4
224,cos,1000000,0.01,25.06,29.72,44.48,32.29,25.93,29.84,42.56,32.84,0.843,1.378,0.869,1.296,3334,3334,1110,2224,0,0,0,4
224,complex_exp,10000,0.001,1.107,4.068,1.567,4.493,1.11,4.038,1.677,4.675,0.272,0.349,0.275,0.359,5,5,0,5,0,0,0,4
224,complex_exp,100000,0.001,4.729,7.522,6.278,8.422,4.756,7.576,6.344,8.722,0.629,0.745,0.628,0.727,50,50,8,42,0,0,0,4
224,complex_exp,1000000,0.001,50.89,51.74,62.04,57.44,50.06,52.23,62.52,57.35,0.984,1.080,0.958,1.090,500,500,83,417,0,0,0,4
224,complex_exp,10000,0.01,1.172,3.966,2.427,4.372,1.201,3.987,2.819,4.52,0.296,0.555,0.301,0.624,50,50,8,42,0,0,0,4
224,complex_exp,100000,0.01,5.055,7.946,11.84,8.954,5.161,7.971,10.76,9.236,0.636,1.322,0.647,1.165,500,500,83,417,0,0,0,4
224,complex_exp,1000000,0.01,49.36,58.69,85.47,64.43,49.34,59.67,84.2,64.06,0.841,1.326,0.827,1.314,5000,5000,833,4167,0,0,0,4
224,complex_log,10000,0.001,1.121,3.001,1.832,3.467,1.129,2.991,1.862,3.652,0.374,0.528,0.377,0.510,4,4,0,4,0,0,0,4
224,complex_log,100000,0.001,5.675,7.504,7.84,8.527,5.74,7.539,7.619,8.718,0.756,0.919,0.761,0.874,34,34,0,34,0,0,0,4
224,complex_log,1000000,0.001,64.29,66.6,72.03,71.65,65.41,67.38,73.48,72.6,0.965,1.005,0.971,1.012,334,334,0,334,0,0,0,4
224,complex_log,10000,0.01,1.195,3.187,2.112,3.673,1.189,3.251,2.176,3.858,0.375,0.575,0.366,0.564,34,34,0,34,0,0,0,4
224,complex_log,100000,0.01,6.103,8.112,8.994,9.355,6.074,8.094,9.427,9.336,0.752,0.961,0.750,1.010,334,334,0,334,0,0,0,4
224,complex_log,1000000,0.01,62.58,69.96,82.81,76.65,63.25,70.43,85.87,77.26,0.895,1.080,0.898,1.111,3334,3334,0,3334,0,0,0,4
256,exp,10000,0.001,0.5368,2.052,0.8908,2.73,0.5401,2.05,0.9772,2.594,0.262,0.326,0.263,0.377,3,3,0,3,0,0,0,4
256,exp,100000,0.001,2.289,3.789,3.426,4.37,2.295,3.756,3.358,4.547,0.604,0.784,0.611,0.739,33,33,0,33,0,0,0,4
256,exp,1000000,0.001,22.55,23.05,27.25,28.76,22.5,23.08,26.92,26.93,0.978,0.947,0.975,0.999,333,333,0,333,0,0,0,4
256,exp,10000,0.01,0.5563,1.949,1.166,3.123,0.564,1.965,1.274,3.255,0.285,0.373,0.287,0.391,33,33,0,33,0,0,0,4
256,exp,100000,0.01,2.463,4.015,5.276,5.056,2.482,4.035,4.784,5.812,0.613,1.044,0.615,0.823,333,333,0,333,0,0,0,4
256,exp,1000000,0.01,22.65,24.88,35.52,28.4,22.93,24.58,35.6,28.73,0.910,1.251,0.933,1.239,3333,3333,0,3333,0,0,0,4
256,log1p,10000,0.001,0.793,2.13,1.136,2.728,0.7957,2.15,1.254,2.914,0.372,0.417,0.370,0.430,4,4,0,4,0,0,0,4
256,log1p,100000,0.001,4.195,5.585,5.084,6.239,4.259,5.589,5.178,6.503,0.751,0.815,0.762,0.796,34,34,0,34,0,0,0,4
256,log1p,1000000,0.001,44.31,45.28,49.17,49.11,45.22,45.44,49,49.81,0.979,1.001,0.995,0.984,334,334,0,334,0,0,0,4
256,log1p,10000,0.01,0.8405,2.184,1.454,2.82,0.8575,2.166,1.514,2.81,0.385,0.515,0.396,0.539,34,34,0,34,0,0,0,4
256,log1p,100000,0.01,4.234,5.591,6.638,8.814,4.194,5.581,6.854,8.024,0.757,0.753,0.752,0.854,334,334,0,334,0,0,0,4
256,log1p,1000000,0.01,42.15,45.43,56.42,48.82,42.67,45.92,56.33,49.28,0.928,1.156,0.929,1.143,3334,3334,0,3334,0,0,0,4
256,cos,10000,0.001,0.7062,2.555,1.119,3,0.708,2.545,1.177,3.074,0.276,0.373,0.278,0.383,4,4,0,4,0,0,0,4
256,cos,100000,0.001,2.921,4.811,4.006,5.444,3.03,4.697,4.269,5.5,0.607,0.736,0.645,0.776,34,34,0,34,0,0,0,4
256,cos,1000000,0.001,29.93,30.7,35.77,35.68,30.59,30.84,35.88,34.99,0.975,1.003,0.992,1.025,334,334,0,334,0,0,0,4
256,cos,10000,0.01,0.7396,2.54,1.516,2.858,0.7408,2.55,1.664,2.925,0.291,0.530,0.291,0.569,34,34,0,34,0,0,0,4
256,cos,100000,0.01,3.255,5.114,6.528,6.508,3.298,5.101,6.504,6.804,0.637,1.003,0.647,0.956,334,334,0,334,0,0,0,4
256,cos,1000000,0.01,31.82,35.71,48.36,39.86,32.06,35.66,48.43,40.2,0.891,1.213,0.899,1.205,3334,3334,0,3334,0,0,0,4
256,complex_exp,10000,0.001,1.225,4.668,1.758,5.346,1.225,4.661,1.814,5.449,0.262,0.329,0.263,0.333,5,5,0,5,0,0,0,4
256,complex_exp,100000,0.001,5.736,9.063,7.226,11.25,5.786,9.062,7.426,11.11,0.633,0.642,0.638,0.668,50,50,0,50,0,0,0,4
256,complex_exp,1000000,0.001,60.5,63.45,69.21,70.98,60.95,64.85,70.53,69.98,0.954,0.975,0.940,1.008,500,500,0,500,0,0,0,4
256,complex_exp,10000,0.01,1.316,4.745,2.3,5.288,1.268,4.697,2.459,5.353,0.277,0.435,0.270,0.459,50,50,0,50,0,0,0,4
256,complex_exp,100000,0.01,6.004,9.299,10.38,11.65,6.032,9.31,10.2,10.56,0.646,0.891,0.648,0.966,500,500,0,500,0,0,0,4
256,complex_exp,1000000,0.01,59.32,70.61,92.71,78.05,60.82,71.27,96.54,78.21,0.840,1.188,0.853,1.234,5000,5000,0,5000,0,0,0,4
256,complex_log,10000,0.001,1.291,3.472,2.052,3.925,1.327,3.528,2.134,4.005,0.372,0.523,0.376,0.533,4,4,0,4,0,0,0,4
256,complex_log,100000,0.001,6.625,8.615,8.837,9.696,6.53,8.624,8.892,10.31,0.769,0.911,0.757,0.862,34,34,0,34,0,0,0,4
256,complex_log,1000000,0.001,73.37,75.89,85.38,82.72,74.14,76.77,83.95,82.87,0.967,1.032,0.966,1.013,334,334,0,334,0,0,0,4
256,complex_log,10000,0.01,1.341,3.711,2.308,4.222,1.342,3.696,2.476,4.255,0.361,0.547,0.363,0.582,34,34,0,34,0,0,0,4
256,complex_log,100000,0.01,6.831,9.276,11.51,10.59,6.873,9.337,11.63,10.99,0.736,1.088,0.736,1.058,334,334,0,334,0,0,0,4
256,complex_log,1000000,0.01,71.51,80.47,96.57,85.26,69.47,81.02,99.11,85.57,0.889,1.133,0.857,1.158,3334,3334,0,3334,0,0,0,4
384,exp,10000,0.001,0.7684,2.97,1.7,3.47,0.7708,2.942,1.609,3.55,0.259,0.490,0.262,0.453,3,3,0,3,0,0,0,4
384,exp,100000,0.001,3.52,5.77,8.21,6.534,3.464,5.817,6.737,6.733,0.610,1.257,0.596,1.001,33,33,0,33,0,0,0,4
384,exp,1000000,0.001,33.19,37.73,49.16,41.6,33.37,38.43,45.38,40.86,0.880,1.182,0.868,1.111,333,333,0,333,0,0,0,4
384,exp,10000,0.01,0.7945,2.981,3.338,3.46,0.7654,2.987,3.459,3.55,0.267,0.965,0.256,0.974,33,33,0,33,0,0,0,4
384,exp,100000,0.01,3.756,6.207,10.5,7.178,3.829,6.227,10.57,7.032,0.605,1.463,0.615,1.503,333,333,0,333,0,0,0,4
384,exp,1000000,0.01,34.24,42.45,61.37,46.57,34.05,42.29,60.45,45.45,0.807,1.318,0.805,1.330,3333,3333,0,3333,0,0,0,4
384,log1p,10000,0.001,1.137,3.037,1.914,3.468,1.133,3.074,1.839,3.678,0.374,0.552,0.368,0.500,4,4,0,4,0,0,0,4
384,log1p,100000,0.001,6.041,8.117,7.95,8.914,6.021,8.091,7.905,9.345,0.744,0.892,0.744,0.846,34,34,0,34,0,0,0,4
384,log1p,1000000,0.001,65.17,66.51,70.71,72.06,66.55,66.79,76,71.54,0.980,0.981,0.996,1.062,334,334,0,334,0,0,0,4
384,log1p,10000,0.01,1.203,2.902,2.325,3.46,1.196,2.899,2.397,3.509,0.415,0.672,0.412,0.683,34,34,0,34,0,0,0,4
384,log1p,100000,0.01,6.144,7.929,10.21,8.875,6.207,7.92,10.2,9.191,0.775,1.150,0.784,1.109,334,334,0,334,0,0,0,4
384,log1p,1000000,0.01,60.94,68.75,83.65,73.38,62.11,69.51,83.65,73.44,0.886,1.140,0.894,1.139,3334,3334,0,3334,0,0,0,4
384,cos,10000,0.001,1.056,3.92,1.736,4.493,1.06,3.93,1.845,4.744,0.269,0.386,0.270,0.389,4,4,0,4,0,0,0,4
384,cos,100000,0.001,4.606,7.241,6.684,8.072,4.597,7.272,6.574,8.31,0.636,0.828,0.632,0.791,34,34,0,34,0,0,0,4
384,cos,1000000,0.001,47.45,52.66,57.09,56.74,48.57,52.59,57.03,56.51,0.901,1.006,0.923,1.009,334,334,0,334,0,0,0,4
384,cos,10000,0.01,1.124,4.05,2.841,4.46,1.126,3.99,3.003,4.558,0.278,0.637,0.282,0.659,34,34,0,34,0,0,0,4
384,cos,100000,0.01,5.248,8.023,11.25,8.881,5.245,8.005,11.79,8.997,0.654,1.267,0.655,1.310,334,334,0,334,0,0,0,4
384,cos,1000000,0.01,47.6,57.25,85.58,61.4,48.46,57.92,90.49,61.76,0.831,1.394,0.837,1.465,3334,3334,0,3334,0,0,0,4
384,complex_exp,10000,0.001,1.8,6.91,2.924,7.389,1.809,6.883,2.851,7.453,0.261,0.396,0.263,0.383,5,5,0,5,0,0,0,4
384,complex_exp,100000,0.001,8.419,13.37,13.04,14.37,8.456,13.4,12.21,14.51,0.630,0.907,0.631,0.842,50,50,0,50,0,0,0,4
384,complex_exp,1000000,0.001,92.51,96.97,109.9,103,94.09,96.88,110.8,103.2,0.954,1.066,0.971,1.074,500,500,0,500,0,0,0,4
384,complex_exp,10000,0.01,1.855,6.869,7.094,7.293,1.844,6.802,6.769,7.377,0.270,0.973,0.271,0.917,50,50,0,50,0,0,0,4
384,complex_exp,100000,0.01,8.728,14.01,16.87,14.89,8.753,14.27,16.81,15.28,0.623,1.133,0.613,1.100,500,500,0,500,0,0,0,4
384,complex_exp,1000000,0.01,88.29,108,139.3,120.2,89.43,109.4,137.6,118.8,0.817,1.159,0.818,1.158,5000,5000,0,5000,0,0,0,4
384,complex_log,10000,0.001,1.849,4.816,2.601,5.218,1.851,4.819,2.641,5.324,0.384,0.498,0.384,0.496,4,4,0,4,0,0,0,4
384,complex_log,100000,0.001,9.285,11.81,11.76,12.97,9.386,12.15,11.61,13.28,0.787,0.907,0.773,0.874,34,34,0,34,0,0,0,4
384,complex_log,1000000,0.001,103.2,107.8,112.1,118.4,103.4,108.4,113.6,115.8,0.958,0.947,0.954,0.981,334,334,0,334,0,0,0,4
384,complex_log,10000,0.01,1.923,5.091,4.018,5.622,1.949,5.094,4.204,6.125,0.378,0.715,0.383,0.686,34,34,0,34,0,0,0,4
384,complex_log,100000,0.01,9.863,13.21,15.84,14.4,9.994,12.99,15.54,14.83,0.747,1.100,0.769,1.048,334,334,0,334,0,0,0,4
384,complex_log,1000000,0.01,103.7,115.4,144,127.8,101.5,114.9,141.7,123.6,0.899,1.127,0.884,1.146,3334,3334,0,3334,0,0,0,4
