bits,n,nrhs,block,repeats,host_only_ms,gpu_all_ms,default_ms,default_host_macs,identical
224,400,1,32,5,8.1321,7.5069,8.2457,50000,1
224,400,4,32,5,19.976,16.766,17.686,50000,1
224,400,16,32,5,32.021,44.504,36.949,50000,1
224,400,64,32,5,86.147,87.058,88.971,50000,1
256,400,1,32,5,8.4358,8.3428,8.2478,50000,1
256,400,4,32,5,22.299,23.74,22.097,50000,1
256,400,16,32,5,56.174,54.542,46.789,50000,1
256,400,64,32,5,93.381,99.107,97.513,50000,1
224,1000,1,32,3,30.419,13.387,14,50000,1
224,1000,4,32,3,60.502,67.305,86.191,50000,1
224,1000,16,32,3,189.65,258.52,247.35,50000,1
224,1000,64,32,3,497.12,239.72,207.02,50000,1
256,1000,1,32,3,29.622,29.039,52.882,50000,1
256,1000,4,32,3,70.036,82.301,77.33,50000,1
256,1000,16,32,3,177.58,144.37,154.82,50000,1
256,1000,64,32,3,571.01,255.44,283.77,50000,1
