bits,m,n,kappa,rhs,nrhs,method,log2_fwd_norm,log2_rel_residual,log2_opt_residual,log2_residual_excess
224,400,200,-1,random,4,limbforge_complex_qr,-221.29,-0.48636,-0.48636,-222.37
224,400,200,-1,random,4,limbforge_real_qr_embedding,-222.11,-0.48636,-0.48636,-222.33
224,400,200,-1,random,4,limbforge_normal_equations_embedding,-220.77,-0.48636,-0.48636,-221.98
224,400,200,-1,random,4,mpc_householder,-218.84,-0.48636,-0.48636,-219.43
224,400,200,-1,consistent,4,limbforge_complex_qr,-106.43,-222.99,-225.54,2.7983
224,400,200,-1,consistent,4,limbforge_real_qr_embedding,-106.01,-222.84,-225.54,2.9535
224,400,200,-1,consistent,4,limbforge_normal_equations_embedding,-105.64,-222.61,-225.54,3.1484
224,400,200,-1,consistent,4,mpc_householder,-104.57,-220.02,-225.54,5.7071
224,400,200,40,random,4,limbforge_complex_qr,-180.08,-0.48805,-0.48805,-183.88
224,400,200,40,random,4,limbforge_real_qr_embedding,-179.96,-0.48805,-0.48805,-183.53
224,400,200,40,random,4,limbforge_normal_equations_embedding,-139.56,-0.48805,-0.48805,-143.72
224,400,200,40,random,4,mpc_householder,-176.37,-0.48805,-0.48805,-180.22
224,400,200,40,consistent,4,limbforge_complex_qr,-68.531,-223.18,-225.74,2.5457
224,400,200,40,consistent,4,limbforge_real_qr_embedding,-67.962,-222.84,-225.74,2.9611
224,400,200,40,consistent,4,limbforge_normal_equations_embedding,-21.881,-181.48,-225.74,44.282
224,400,200,40,consistent,4,mpc_householder,-64.744,-220.74,-225.74,5.0205
224,400,200,100,random,4,limbforge_complex_qr,-124.23,-0.46465,-0.46465,-126.74
224,400,200,100,random,4,limbforge_real_qr_embedding,-124.13,-0.46465,-0.46465,-126.46
224,400,200,100,random,4,limbforge_normal_equations_embedding,-24.735,-0.46465,-0.46465,-27.646
224,400,200,100,random,4,mpc_householder,-121.21,-0.46465,-0.46465,-123.23
224,400,200,100,consistent,4,limbforge_complex_qr,-12.644,-223.78,-225.66,1.9746
224,400,200,100,consistent,4,limbforge_real_qr_embedding,-13.297,-223.57,-225.66,2.1935
224,400,200,100,consistent,4,limbforge_normal_equations_embedding,92.698,-124.04,-225.66,101.77
224,400,200,100,consistent,4,mpc_householder,-9.5657,-220.81,-225.66,4.9874
256,400,200,-1,random,4,limbforge_complex_qr,-253.65,-0.45839,-0.45839,-254.51
256,400,200,-1,random,4,limbforge_real_qr_embedding,-253.21,-0.45839,-0.45839,-254.34
256,400,200,-1,random,4,limbforge_normal_equations_embedding,-252.58,-0.45839,-0.45839,-254.17
256,400,200,-1,random,4,mpc_householder,-249.74,-0.45839,-0.45839,-251.59
256,400,200,-1,consistent,4,limbforge_complex_qr,-137.92,-254.69,-257.71,3.0009
256,400,200,-1,consistent,4,limbforge_real_qr_embedding,-138.68,-255.07,-257.71,2.7688
256,400,200,-1,consistent,4,limbforge_normal_equations_embedding,-137.24,-253.77,-257.71,4.0764
256,400,200,-1,consistent,4,mpc_householder,-135.61,-251.6,-257.71,6.3524
256,400,200,40,random,4,limbforge_complex_qr,-215.05,-0.45306,-0.45306,-216.18
256,400,200,40,random,4,limbforge_real_qr_embedding,-214.86,-0.45306,-0.45306,-216.34
256,400,200,40,random,4,limbforge_normal_equations_embedding,-173.07,-0.45306,-0.45306,-175.83
256,400,200,40,random,4,mpc_householder,-211.03,-0.45306,-0.45306,-213.05
256,400,200,40,consistent,4,limbforge_complex_qr,-101.83,-255.13,-257.63,2.589
256,400,200,40,consistent,4,limbforge_real_qr_embedding,-101.75,-254.93,-257.63,2.798
256,400,200,40,consistent,4,limbforge_normal_equations_embedding,-56.619,-214.44,-257.63,43.337
256,400,200,40,consistent,4,mpc_householder,-99.644,-252.12,-257.63,5.6188
256,400,200,100,random,4,limbforge_complex_qr,-154.41,-0.50551,-0.50551,-156.49
256,400,200,100,random,4,limbforge_real_qr_embedding,-154.16,-0.50551,-0.50551,-156.63
256,400,200,100,random,4,limbforge_normal_equations_embedding,-52.413,-0.50551,-0.50551,-56.037
256,400,200,100,random,4,mpc_householder,-151.07,-0.50551,-0.50551,-154.56
256,400,200,100,consistent,4,limbforge_complex_qr,-43.685,-254.92,-257.73,2.8637
256,400,200,100,consistent,4,limbforge_real_qr_embedding,-43.652,-255.13,-257.73,2.6476
256,400,200,100,consistent,4,limbforge_normal_equations_embedding,61.262,-154.84,-257.73,102.95
256,400,200,100,consistent,4,mpc_householder,-41.229,-252.65,-257.73,5.1469
224,800,400,-1,random,4,limbforge_complex_qr,-220.95,-0.47729,-0.47729,-222.31
224,800,400,-1,random,4,limbforge_real_qr_embedding,-221.5,-0.47729,-0.47729,-222.03
224,800,400,-1,random,4,limbforge_normal_equations_embedding,-220.68,-0.47729,-0.47729,-221.85
224,800,400,-1,random,4,mpc_householder,-218.77,-0.47729,-0.47729,-219.19
224,800,400,-1,consistent,4,limbforge_complex_qr,-107.76,-222.52,-225.64,3.2199
224,800,400,-1,consistent,4,limbforge_real_qr_embedding,-108.02,-222.3,-225.64,3.3579
224,800,400,-1,consistent,4,limbforge_normal_equations_embedding,-106.8,-221.01,-225.64,4.6587
224,800,400,-1,consistent,4,mpc_householder,-104.39,-219.78,-225.64,5.8974
224,800,400,40,random,4,limbforge_complex_qr,-181.04,-0.48742,-0.48742,-184.29
224,800,400,40,random,4,limbforge_real_qr_embedding,-181.76,-0.48742,-0.48742,-184.17
224,800,400,40,random,4,limbforge_normal_equations_embedding,-140.32,-0.48742,-0.48742,-144.16
224,800,400,40,random,4,mpc_householder,-178.11,-0.48742,-0.48742,-181.16
224,800,400,40,consistent,4,limbforge_complex_qr,-70.638,-223.15,-225.67,2.5432
224,800,400,40,consistent,4,limbforge_real_qr_embedding,-69.531,-222.85,-225.67,2.8499
224,800,400,40,consistent,4,limbforge_normal_equations_embedding,-25.962,-182.48,-225.67,43.235
224,800,400,40,consistent,4,mpc_householder,-65.245,-219.98,-225.67,5.7611
224,800,400,100,random,4,limbforge_complex_qr,-123.16,-0.42014,-0.42014,-125.97
224,800,400,100,random,4,limbforge_real_qr_embedding,-122.78,-0.42014,-0.42014,-125.47
224,800,400,100,random,4,limbforge_normal_equations_embedding,-22.7,-0.42014,-0.42014,-26.779
224,800,400,100,random,4,mpc_householder,-118.94,-0.42014,-0.42014,-122.63
224,800,400,100,consistent,4,limbforge_complex_qr,-11.018,-222.92,-225.7,2.8142
224,800,400,100,consistent,4,limbforge_real_qr_embedding,-10.992,-222.49,-225.7,3.2736
224,800,400,100,consistent,4,limbforge_normal_equations_embedding,93.694,-123.58,-225.7,102.19
224,800,400,100,consistent,4,mpc_householder,-7.0565,-220.01,-225.7,5.7596
256,800,400,-1,random,4,limbforge_complex_qr,-253.44,-0.48645,-0.48645,-254.25
256,800,400,-1,random,4,limbforge_real_qr_embedding,-253.55,-0.48645,-0.48645,-254.1
256,800,400,-1,random,4,limbforge_normal_equations_embedding,-252.57,-0.48645,-0.48645,-253.79
256,800,400,-1,random,4,mpc_householder,-250.33,-0.48645,-0.48645,-251.14
256,800,400,-1,consistent,4,limbforge_complex_qr,-138.97,-254.35,-257.73,3.6047
256,800,400,-1,consistent,4,limbforge_real_qr_embedding,-138.47,-253.74,-257.73,4.2145
256,800,400,-1,consistent,4,limbforge_normal_equations_embedding,-138.48,-254.12,-257.73,3.8301
256,800,400,-1,consistent,4,mpc_householder,-135.83,-251.6,-257.73,6.1328
256,800,400,40,random,4,limbforge_complex_qr,-211.28,-0.43971,-0.43971,-215.5
256,800,400,40,random,4,limbforge_real_qr_embedding,-211,-0.43971,-0.43971,-215.06
256,800,400,40,random,4,limbforge_normal_equations_embedding,-169.14,-0.43971,-0.43971,-173.36
256,800,400,40,random,4,mpc_householder,-207.82,-0.43971,-0.43971,-212.21
256,800,400,40,consistent,4,limbforge_complex_qr,-100.37,-255.16,-257.68,2.5542
256,800,400,40,consistent,4,limbforge_real_qr_embedding,-101.16,-254.96,-257.68,2.7649
256,800,400,40,consistent,4,limbforge_normal_equations_embedding,-53.377,-212.64,-257.68,45.101
256,800,400,40,consistent,4,mpc_householder,-96.759,-251.86,-257.68,5.8858
256,800,400,100,random,4,limbforge_complex_qr,-152.06,-0.44436,-0.44436,-157.63
256,800,400,100,random,4,limbforge_real_qr_embedding,-153.9,-0.44436,-0.44436,-157.82
256,800,400,100,random,4,limbforge_normal_equations_embedding,-52.404,-0.44436,-0.44436,-57.668
256,800,400,100,random,4,mpc_householder,-147.98,-0.44436,-0.44436,-153.72
256,800,400,100,consistent,4,limbforge_complex_qr,-42.374,-255.14,-257.62,2.4791
256,800,400,100,consistent,4,limbforge_real_qr_embedding,-43.36,-254.85,-257.62,2.7752
256,800,400,100,consistent,4,limbforge_normal_equations_embedding,62.681,-154.75,-257.62,103.02
256,800,400,100,consistent,4,mpc_householder,-39.442,-251.98,-257.62,5.6306
