bits,data,op,n,k,repeats,residue_device_ms,residue_wall_ms,analysis_ms,upload_ms,assembly_ms,lines_by_bands,fallback_lines,pairs,moduli_max,int8_gemms,multi_band_outputs,fallback_outputs,limb_composed_device_ms,limb_composed_wall_ms,limb_fma_device_ms,mpfr_serial_s,mpfr_parallel_s,mpfr_threads,serial_sampled_share,parallel_sampled_share,cholesky_mpfr_s,verified
224,qsc,syrk_lower,200,400,9,1.7951,5.1582,1.7272,0.042667,0.53471,190;10;0;0,0,3,33,99,1955,0,5.6543,10.913,30.009,1.0102,0.036558,18,1,1,0.091744,64
224,qsc,gemm_AtB,200,400,9,2.5845,3.8047,0.60313,0.046667,0.19304,191;9;0;0,0,4,33,99,3328,0,6.9202,8.4388,42.972,1.6984,0.078748,18,1,1,0,64
224,qsc,syrk_lower,400,800,9,2.7526,4.023,0.54129,0.050208,0.24429,384;16;0;0,0,3,33,99,6280,0,28.137,31.222,169.91,11.74,0.52748,18,0.62282,1,1.4648,64
224,qsc,gemm_AtB,400,800,9,5.8513,8.2588,1.139,0.060334,0.33413,381;19;0;0,0,4,33,99,14458,0,44.552,49.783,308.11,23.846,1.8595,18,0.3125,1,0,64
224,qsc,syrk_lower,800,1600,9,9.1499,11.67,1.6473,0.057375,0.37963,768;32;0;0,0,3,33,99,25104,0,270.06,281.11,0,115.41,6.7869,18,0.077416,0.78004,0,64
224,qsc,gemm_AtB,800,1600,9,15.316,19.645,2.8529,0.068125,0.5875,765;35;0;0,0,4,33,99,56305,0,461.82,478.5,0,183.89,14.525,18,0.03875,0.39,0,64
224,qsc,syrk_lower,1000,2000,9,16.73,20.27,2.0488,0.072875,0.43388,951;49;0;0,0,3,33,99,47824,0,468.33,485.01,0,194.16,14.929,18,0.04,0.4,0,64
224,qsc,gemm_AtB,1000,2000,9,27.073,34.851,5.363,0.10267,1.0221,956;44;0;0,0,4,33,99,86064,0,869.35,898.05,0,458.81,37.039,18,0.02,0.2,0,64
256,qsc,syrk_lower,200,400,9,1.7244,2.5193,0.30638,0.026584,0.16354,194;6;0;0,0,3,37,111,1185,0,6.5139,7.28,27.775,0.97242,0.040797,18,1,1,0.090737,64
256,qsc,gemm_AtB,200,400,9,3.1088,4.4961,0.70883,0.052458,0.22321,193;7;0;0,0,4,37,111,2944,0,8.543,9.8322,42.828,2.8041,0.084853,18,1,1,0,64
256,qsc,syrk_lower,400,800,9,3.1802,4.2888,0.52967,0.044792,0.21496,382;18;0;0,0,3,37,111,7047,0,29.896,34.12,170.16,10.543,0.57606,18,0.62282,1,2.2304,64
256,qsc,gemm_AtB,400,800,9,5.2649,7.2993,1.2898,0.058875,0.31708,383;17;0;0,0,4,37,111,12928,0,54.192,58.015,359.95,27.383,1.3279,18,0.3125,1,0,64
256,qsc,syrk_lower,800,1600,9,11.312,13.887,1.364,0.058375,0.36004,762;38;0;0,0,3,37,111,29697,0,296.21,307.78,0,128.31,7.343,18,0.077416,0.78004,0,64
256,qsc,gemm_AtB,800,1600,9,18.013,22.41,2.9282,0.071667,0.58971,765;35;0;0,0,4,37,111,58600,0,532.16,553.65,0,227.31,16.373,18,0.03875,0.39,0,64
256,qsc,syrk_lower,1000,2000,9,18.501,22.177,2.1203,0.072708,0.49567,956;44;0;0,0,3,37,111,43054,0,529.11,544.28,0,202.56,16.906,18,0.04,0.4,0,64
256,qsc,gemm_AtB,1000,2000,9,31.945,38.345,4.6648,0.0955,0.95029,953;47;0;0,0,4,37,111,91791,0,954.66,989.65,0,534.88,38.841,18,0.02,0.2,0,64
