bits,format,direction,mpfr_prec,method,threads,median_ns_per_value,min_ns_per_value,median_speedup_vs_old
224,real,from,224,old,1,183.547,164.932,1
224,real,from,224,new,1,6.49643,5.54211,28.2536
224,real,from,224,new_array,1,5.15811,5.07419,35.5842
224,real,from,224,old_threads,3,91.4122,65.9657,2.00791
224,real,from,224,new_array_threads,3,1.9881,1.83551,92.3231
224,real,to,224,old,1,63.3132,54.6697,1
224,real,to,224,new,1,8.17807,8.14882,7.74182
224,real,to,224,new_array,1,5.36346,5.11105,11.8045
224,real,to,224,old_threads,3,27.1524,24.5514,2.33177
224,real,to,224,new_array_threads,3,2.01733,1.7999,31.3846
224,real,from,288,old,1,203.94,186.573,1
224,real,from,288,new,1,10.0905,10.0072,20.2111
224,real,from,288,new_array,1,9.75099,8.43748,20.9148
224,real,from,288,old_threads,3,82.3663,74.1056,2.47601
224,real,from,288,new_array_threads,3,3.9711,3.45485,51.3561
224,real,to,288,old,1,67.1279,58.033,1
224,real,to,288,new,1,8.55064,8.4521,7.85062
224,real,to,288,new_array,1,5.83649,4.63168,11.5014
224,real,to,288,old_threads,3,27.5008,25.631,2.44094
224,real,to,288,new_array_threads,3,2.23605,2.0097,30.0207
224,real,from,192,old,1,190.751,179.743,1
224,real,from,192,new,1,10.3544,9.00841,18.4223
224,real,from,192,new_array,1,6.29234,6.28471,30.3148
224,real,from,192,old_threads,3,73.2873,62.5248,2.60279
224,real,from,192,new_array_threads,3,3.05367,2.8623,62.4664
224,real,to,192,old,1,71.9083,61.079,1
224,real,to,192,new,1,15.0661,14.9225,4.77284
224,real,to,192,new_array,1,12.8791,12.8009,5.58335
224,real,to,192,old_threads,3,28.6764,23.1851,2.50758
224,real,to,192,new_array_threads,3,6.0056,4.81351,11.9735
224,complex,from,224,old,1,389.741,363.463,1
224,complex,from,224,new_array,1,10.2698,8.40633,37.9502
224,complex,from,224,old_threads,7,113.005,75.8324,3.44889
224,complex,from,224,new_array_threads,7,3.82869,3.48346,101.795
224,complex,to,224,old,1,140.252,121.872,1
224,complex,to,224,new_array,1,9.68044,9.66391,14.4882
224,complex,to,224,old_threads,7,39.3461,31.3555,3.56459
224,complex,to,224,new_array_threads,7,4.25084,3.78482,32.9941
256,real,from,256,old,1,193.801,176.497,1
256,real,from,256,new,1,8.78079,8.67844,22.071
256,real,from,256,new_array,1,6.36037,6.27644,30.4701
256,real,from,256,old_threads,4,69.5985,46.8464,2.78456
256,real,from,256,new_array_threads,4,2.44077,2.35049,79.4018
256,real,to,256,old,1,75.8292,64.5854,1
256,real,to,256,new,1,6.99806,6.10225,10.8357
256,real,to,256,new_array,1,4.1523,4.13577,18.262
256,real,to,256,old_threads,4,23.9003,18.3996,3.17272
256,real,to,256,new_array_threads,4,2.68936,1.8425,28.196
256,real,from,320,old,1,206.38,171.086,1
256,real,from,320,new,1,10.2075,10.0396,20.2185
256,real,from,320,new_array,1,11.0238,8.42984,18.7212
256,real,from,320,old_threads,4,71.1575,50.2955,2.90033
256,real,from,320,new_array_threads,4,3.35948,2.71416,61.4322
256,real,to,320,old,1,66.9117,60.2805,1
256,real,to,320,new,1,7.77309,7.76482,8.60812
256,real,to,320,new_array,1,4.61641,4.46956,14.4943
256,real,to,320,old_threads,4,22.3846,20.1391,2.98918
256,real,to,320,new_array_threads,4,1.85394,1.71153,36.0916
256,real,from,224,old,1,206.088,173.829,1
256,real,from,224,new,1,10.5858,10.5674,19.4683
256,real,from,224,new_array,1,7.49142,6.44493,27.5098
256,real,from,224,old_threads,4,57.0946,51.1888,3.60959
256,real,from,224,new_array_threads,4,2.40454,2.20235,85.7077
256,real,to,224,old,1,90.0008,71.7163,1
256,real,to,224,new,1,14.8608,14.4901,6.05626
256,real,to,224,new_array,1,15.4082,12.4817,5.8411
256,real,to,224,old_threads,4,23.8349,19.8034,3.77601
256,real,to,224,new_array_threads,4,4.51152,3.79308,19.9491
256,complex,from,256,old,1,379.496,345.278,1
256,complex,from,256,new_array,1,15.0172,13.9001,25.2707
256,complex,from,256,old_threads,8,97.4153,72.0768,3.89565
256,complex,from,256,new_array_threads,8,5.41115,4.81096,70.1322
256,complex,to,256,old,1,143.127,120.21,1
256,complex,to,256,new_array,1,10.0638,9.06055,14.2219
256,complex,to,256,old_threads,8,36.3903,27.3469,3.9331
256,complex,to,256,new_array_threads,8,3.83949,3.21324,37.2775
384,real,from,384,old,1,236.933,174.083,1
384,real,from,384,new,1,9.12094,9.06563,25.9768
384,real,from,384,new_array,1,8.29124,8.14311,28.5763
384,real,from,384,old_threads,6,93.5281,41.8644,2.53328
384,real,from,384,new_array_threads,6,2.55585,1.82852,92.7022
384,real,to,384,old,1,74.9073,66.1418,1
384,real,to,384,new,1,7.04765,6.14612,10.6287
384,real,to,384,new_array,1,4.26674,4.25275,17.5561
384,real,to,384,old_threads,6,23.2856,17.4001,3.2169
384,real,to,384,new_array_threads,6,2.28627,1.62825,32.764
384,real,from,448,old,1,210.67,183.076,1
384,real,from,448,new,1,10.8109,10.5578,19.4869
384,real,from,448,new_array,1,11.1752,9.04529,18.8517
384,real,from,448,old_threads,6,84.8363,55.2991,2.48326
384,real,from,448,new_array_threads,6,3.89671,2.23796,54.0636
384,real,to,448,old,1,91.568,76.0263,1
384,real,to,448,new,1,6.44176,6.24402,14.2148
384,real,to,448,new_array,1,4.33922,4.30489,21.1024
384,real,to,448,old_threads,6,18.9724,16.6817,4.82638
384,real,to,448,new_array_threads,6,2.04341,1.49155,44.8113
384,real,from,352,old,1,208.649,186.155,1
384,real,from,352,new,1,9.97861,8.90605,20.9097
384,real,from,352,new_array,1,7.23331,7.02731,28.8456
384,real,from,352,old_threads,6,76.8458,46.8063,2.71517
384,real,from,352,new_array_threads,6,3.23041,2.88518,64.5892
384,real,to,352,old,1,88.2212,80.7877,1
384,real,to,352,new,1,18.2648,13.958,4.83013
384,real,to,352,new_array,1,14.3401,12.2999,6.15208
384,real,to,352,old_threads,6,20.8238,18.1656,4.23656
384,real,to,352,new_array_threads,6,5.02205,4.76456,17.5668
384,complex,from,384,old,1,407.471,363.386,1
384,complex,from,384,new_array,1,18.6685,15.9041,21.8267
384,complex,from,384,old_threads,12,74.6981,61.9017,5.4549
384,complex,from,384,new_array_threads,12,5.37808,4.41806,75.7651
384,complex,to,384,old,1,149.071,139.824,1
384,complex,to,384,new_array,1,9.42674,9.34474,15.8136
384,complex,to,384,old_threads,12,32.1503,27.3431,4.63669
384,complex,to,384,new_array_threads,12,7.26573,4.41106,20.517
1024,real,from,1024,old,1,252.826,227.765,1
1024,real,from,1024,new,1,12.3126,12.179,20.534
1024,real,from,1024,new_array,1,13.7126,11.144,18.4375
1024,real,from,1024,old_threads,16,62.8815,47.4529,4.02068
1024,real,from,1024,new_array_threads,16,4.34367,3.42815,58.2056
1024,real,to,1024,old,1,130.672,113.571,1
1024,real,to,1024,new,1,8.74519,8.41078,14.9421
1024,real,to,1024,new_array,1,8.00705,7.83284,16.3196
1024,real,to,1024,old_threads,16,27.9846,21.7813,4.66942
1024,real,to,1024,new_array_threads,16,3.81406,3.33722,34.2606
1024,real,from,1088,old,1,304.092,259.636,1
1024,real,from,1088,new,1,16.5831,13.4811,18.3375
1024,real,from,1088,new_array,1,12.7678,12.619,23.8171
1024,real,from,1088,old_threads,16,84.4968,59.2124,3.59886
1024,real,from,1088,new_array_threads,16,8.37581,6.24149,36.306
1024,real,to,1088,old,1,144.847,115.195,1
1024,real,to,1088,new,1,8.30333,7.90787,17.4445
1024,real,to,1088,new_array,1,7.07562,6.14548,20.4713
1024,real,to,1088,old_threads,16,52.145,34.7449,2.77778
1024,real,to,1088,new_array_threads,16,4.54204,3.50253,31.8904
1024,real,from,992,old,1,269.59,231.33,1
1024,real,from,992,new,1,14.8659,12.284,18.1348
1024,real,from,992,new_array,1,11.4384,11.0893,23.569
1024,real,from,992,old_threads,16,74.5513,52.0884,3.61617
1024,real,from,992,new_array_threads,16,6.82259,4.53505,39.5144
1024,real,to,992,old,1,159.244,134.411,1
1024,real,to,992,new,1,16.5615,15.8768,9.6153
1024,real,to,992,new_array,1,17.7027,17.4548,8.99544
1024,real,to,992,old_threads,16,32.081,26.0328,4.96381
1024,real,to,992,new_array_threads,16,4.68382,4.19934,33.9987
1024,complex,from,1024,old,1,556.234,512.84,1
1024,complex,from,1024,new_array,1,58.0591,55.254,9.58049
1024,complex,from,1024,old_threads,18,103.603,84.6653,5.36888
1024,complex,from,1024,new_array_threads,18,11.3532,9.99387,48.9937
1024,complex,to,1024,old,1,295.588,251.526,1
1024,complex,to,1024,new_array,1,38.3879,37.3313,7.70003
1024,complex,to,1024,old_threads,18,66.5353,50.8461,4.44258
1024,complex,to,1024,new_array_threads,18,13.9001,11.6234,21.2651
