bits,lanes,steps,mode,gpu_device_s,gpu_wall_s,cpu_serial_s,cpu_pool_s,pool_over_gpu_wall,gpu_ns_per_lane_step
224,20000,40,base,0.0095348,0.013043,2.9953,0.18789,14.405,11.918
256,20000,40,base,0.010588,0.014352,6.3488,0.18282,12.738,13.235
224,20000,150,base,0.03513,0.058909,13.824,1.2262,20.816,11.71
256,20000,150,base,0.040881,0.052292,19.578,1.2035,23.014,13.627
224,70000,40,base,0.035486,0.0475,7.4654,0.65387,13.766,12.674
256,70000,40,base,0.039973,0.054214,15.473,0.88756,16.371,14.276
224,70000,150,base,0.13393,0.1756,45.114,4.0937,23.312,12.756
256,70000,150,base,0.1524,0.21926,54.352,3.9205,17.881,14.515
224,140000,40,base,0.067065,0.088686,14.912,1.2631,14.242,11.976
256,140000,40,base,0.076104,0.10427,37.024,1.6671,15.988,13.59
224,140000,150,base,0.25751,0.44688,129.62,9.2758,20.757,12.263
256,140000,150,base,0.35595,0.45224,105.77,11.117,24.582,16.95
256,70000,150,tangent,0.59284,1.0592,317.1,17.738,16.747,56.461
256,70000,150,base_fused,4.4793,4.6626,59.72,4.9763,1.0673,426.6
256,70000,150,tangent_fused,11.56,12.003,268.44,18.03,1.5021,1100.9
