bits,n,block,host_macs,repeats,chol_wall_ms,chol_wall_min_ms,chol_gpu_ms,chol_panel_ms,chol_update_ms,gpu_updates,host_updates,solve_wall_ms
256,400,16,30000,5,63.954,58.455,44.894,12.03,61.625,37,10,11.325
256,400,16,1e+05,5,104.41,56.895,46.79,31.608,93.105,17,30,24.516
256,400,16,3e+05,5,84.78,53.903,22.954,22.569,80.636,11,36,12.738
256,400,24,30000,5,32.791,31.002,14.643,17.058,30.4,27,4,14.784
256,400,24,1e+05,5,45.11,43.358,26.25,20.31,42.433,20,11,16.433
256,400,24,3e+05,5,63.784,59.371,25.768,18.736,59.689,9,22,13.19
256,400,32,30000,5,35.851,35.372,17.558,19.301,32.613,21,2,8.6346
256,400,32,1e+05,5,51.921,32.802,20.762,29.108,43.54,18,5,8.5382
256,400,32,3e+05,5,50.853,50.133,21.075,22.922,46.162,10,13,16.838
256,400,40,30000,5,40.3,37.723,16.985,24.923,32.369,17,0,13.972
256,400,40,1e+05,5,39.771,39.301,19.035,24.642,26.872,15,2,14.553
256,400,40,3e+05,5,46.691,44.944,20.062,27.547,36.298,10,7,13.923
256,400,48,30000,5,51.002,48.265,29.595,29.721,37.247,13,2,13.678
256,400,48,1e+05,5,41.836,39.422,15.96,27.227,22.911,12,3,12.869
256,400,48,3e+05,5,47.321,44.954,23.79,28.955,33.636,10,5,13.608
256,400,64,30000,5,53.467,50.653,20.726,37.01,27.398,9,2,12.486
256,400,64,1e+05,5,53.958,50.159,20.445,37.835,27.19,9,2,12.108
256,400,64,3e+05,5,52.97,51.34,18.594,36.716,28.382,8,3,12.715
256,400,96,30000,5,68.765,65.058,13.736,56.216,18.565,5,2,10.016
256,400,96,1e+05,5,85.524,68.686,13.709,66.968,20.968,5,2,16.572
256,400,96,3e+05,5,79.677,68.979,13.739,65.337,20.988,5,2,15.473
256,1000,16,30000,3,246.67,183.69,112.22,73.707,238.55,112,11,121.68
256,1000,16,1e+05,3,234.37,200.79,144.38,86.205,223.81,92,31,98.096
256,1000,16,3e+05,3,331.95,288.83,133.34,79.018,324.19,49,74,95.893
256,1000,24,30000,3,172.26,166.91,82.671,110.84,133.62,77,4,93.738
256,1000,24,1e+05,3,165.73,160.31,80.438,105.41,131.76,70,11,80.626
256,1000,24,3e+05,3,181.38,179.62,73.091,102.58,161.66,53,28,79.418
256,1000,32,30000,3,163.43,160.38,67.244,110.92,106.7,58,3,71.695
256,1000,32,1e+05,3,179.46,142.08,69.651,111.47,152.09,55,6,71.872
256,1000,32,3e+05,3,204.21,199.6,100.76,127.57,169.21,47,14,78.775
256,1000,40,30000,3,186.44,185.18,85.171,130.03,122.95,47,0,60.977
256,1000,40,1e+05,3,191.06,180.52,84.568,119.91,124.68,45,2,58.979
256,1000,40,3e+05,3,166.54,165.69,87.263,117.94,128.73,40,7,63.799
256,1000,48,30000,3,176.49,167.71,62.252,132.08,97.444,39,0,57.133
256,1000,48,1e+05,3,167.76,163.92,60.816,123.65,98.711,37,2,59.012
256,1000,48,3e+05,3,196.08,187.56,38.053,140.22,95.616,35,4,62.052
256,1000,64,30000,3,285.14,265.32,30.509,218.27,90.607,29,0,60.473
256,1000,64,1e+05,3,254.57,221.13,64.879,172.93,116.25,27,2,76.883
256,1000,64,3e+05,3,343.35,257.01,48.519,230.48,125.33,27,2,91.971
256,1000,96,30000,3,340,316.83,19.814,292.14,54.586,19,0,70.404
256,1000,96,1e+05,3,370.97,348.94,53.11,290.24,116.6,17,2,54.366
256,1000,96,3e+05,3,384.08,343.22,41.884,308.63,104.1,17,2,50.557
