version,round,load_before,load_after,bits,m,n,nrhs,block,host_macs,repeats,qr_wall_ms,qr_wall_min_ms,qr_gpu_ms,qr_panel_ms,qr_update_ms,gpu_updates,host_updates,solve_wall_ms,solve_gpu_ms,qr_e2e_ms,host_only_qr_ms,gpu_equals_host,ne_e2e_ms,ne_e2e_min_ms,qr_over_ne,mpfr_serial_qr_s,serial_measured_n,mpfr_parallel_qr_s,mpfr_threads,mpfr_solve_s,speedup_vs_serial,speedup_vs_parallel
base,1,43.40,43.49,256,2000,1000,4,32,50000,3,5061.4,3662.3,2533.9,2757.4,3819,61,0,296.62,0,5359.1,0,1,996.46,302.96,5.3781,184.83,200,0,18,0,36.518,0
new,1,43.49,45.37,256,2000,1000,4,32,50000,3,729.26,661.5,207.96,637.06,381.25,61,0,79.408,0,811.07,0,1,158.05,157.2,5.1316,164.62,200,0,18,0,225.74,0
base,2,45.37,42.50,256,2000,1000,4,32,50000,3,1862.7,1044,477.79,1591.4,725.57,61,0,149.5,0,2030.2,0,1,278.87,257.07,7.2803,168.78,200,0,18,0,90.612,0
new,2,42.50,41.54,256,2000,1000,4,32,50000,3,2229.2,1516.4,1696.8,639.2,2130.7,61,0,121.4,0,2518,0,1,581.56,433.27,4.3298,346.27,200,0,18,0,155.34,0
base,3,41.54,53.67,256,2000,1000,4,32,50000,3,4910.2,3425.1,3328.7,2150.8,4112.2,61,0,306.04,0,5377.2,0,1,1093.3,408.98,4.9182,239.37,200,0,18,0,48.748,0
new,3,53.67,61.61,256,2000,1000,4,32,50000,3,3310.7,2465.9,2418.2,1139.2,2952.3,61,0,166.21,0,3490,0,1,1117.5,1110.6,3.1231,710.26,200,0,18,0,214.53,0
base,4,61.61,68.73,256,2000,1000,4,32,50000,3,6397.5,3091.7,4049.3,2745.6,4923,61,0,552.24,0,6957,0,1,484.55,317.61,14.358,172.68,200,0,18,0,26.992,0
new,4,68.73,66.75,256,2000,1000,4,32,50000,3,552.1,544.7,204.19,399.36,425.79,61,0,42.985,0,595.84,0,1,119.55,116.44,4.9842,105.69,200,0,18,0,191.44,0
base,5,66.75,62.37,256,2000,1000,4,32,50000,3,4387.7,1075.3,1881.7,2201.2,3030.9,61,0,409.72,0,4802.5,0,1,2108.8,273.97,2.2774,181.65,200,0,18,0,41.398,0
new,5,62.37,56.07,256,2000,1000,4,32,50000,3,4223.1,3133.8,2738.8,1275.8,3981.2,61,0,170.49,0,4395,0,1,748.3,568.61,5.8733,169.55,200,0,18,0,40.148,0
base,6,56.07,42.01,256,2000,1000,4,32,50000,3,3587.6,2926.7,3078.8,1129.1,3376,61,0,105.9,0,3710.7,0,1,868.43,801.56,4.2728,154,200,0,18,0,42.926,0
new,6,42.01,36.64,256,2000,1000,4,32,50000,3,1424.3,1358.3,1121.2,382.48,1383.8,61,0,55.77,0,1482.3,0,1,619.76,335.06,2.3918,158.88,200,0,18,0,111.55,0
base,1,36.64,34.18,256,800,400,4,32,50000,3,916.43,690.35,775.57,231.58,834.25,23,0,21.075,0,938.86,0,1,314.31,162.24,2.9871,9.835,200,0,18,0,10.732,0
new,1,34.18,34.18,256,800,400,4,32,50000,3,221.55,203.28,119.01,110.35,186.77,23,0,12.723,0,234.6,0,1,59.648,52.239,3.933,10.838,200,0,18,0,48.918,0
base,2,34.18,32.01,256,800,400,4,32,50000,3,995.53,940.05,839.02,229.97,893.85,23,0,20.956,0,1017.2,0,1,289.79,260.5,3.5101,10.208,200,0,18,0,10.254,0
new,2,32.01,29.76,256,800,400,4,32,50000,3,245.51,208.65,117.76,122.9,202.47,23,0,10.961,0,256.74,0,1,52.458,47.83,4.8942,10.645,200,0,18,0,43.357,0
base,3,29.76,27.86,256,800,400,4,32,50000,3,1049.7,1008.2,907.7,225.13,961.75,23,0,19.971,0,1068.4,0,1,334.09,210.07,3.1979,9.423,200,0,18,0,8.9766,0
new,3,27.86,26.27,256,800,400,4,32,50000,3,125.56,123.75,21.22,98.037,58.447,23,0,8.4943,0,134.37,0,1,28.063,27.844,4.7883,6.4534,200,0,18,0,51.398,0
base,4,26.27,26.27,256,800,400,4,32,50000,3,242.98,238.48,120.41,161.27,165.87,23,0,12.878,0,255.98,0,1,53.858,49.263,4.7529,5.9086,200,0,18,0,24.317,0
new,4,26.27,26.27,256,800,400,4,32,50000,3,114.72,108.25,45.144,79.165,75.987,23,0,7.5134,0,123.19,0,1,32.62,31.077,3.7766,5.9339,200,0,18,0,51.724,0
base,1,26.27,26.33,224,800,400,4,32,50000,3,196.86,192.81,99.97,123.52,142.45,23,0,11.77,0,208.98,0,1,45.75,43.491,4.5678,5.6723,200,0,18,0,28.813,0
new,1,26.33,26.33,224,800,400,4,32,50000,3,110.38,86.445,59.791,73.729,89.784,23,0,6.6113,0,116.98,0,1,28.29,27.435,4.1351,5.5312,200,0,18,0,50.11,0
base,2,26.33,24.78,224,800,400,4,32,50000,3,775.73,763.21,684.26,152.5,729.07,23,0,13.643,0,788.23,0,1,200.41,78.097,3.9332,8.0258,200,0,18,0,10.346,0
new,2,24.78,23.20,224,800,400,4,32,50000,3,445.84,436.55,380.88,96.393,412.37,23,0,8.2805,0,454.58,0,1,88.508,47.336,5.1361,8.8982,200,0,18,0,19.958,0
base,3,23.20,21.82,224,800,400,4,32,50000,3,866.69,768.59,759.94,163.68,807.49,23,0,14.22,0,881.07,0,1,237.12,63.787,3.7157,8.7549,200,0,18,0,10.102,0
new,3,21.82,20.55,224,800,400,4,32,50000,3,485.74,484.97,416.58,108.57,449.18,23,0,9.54,0,496.5,0,1,36.972,34.854,13.429,9.7667,200,0,18,0,20.107,0
base,4,20.55,19.47,224,800,400,4,32,50000,3,822.78,702.29,702.14,171,758.66,23,0,18.455,0,841.46,0,1,204.23,55.956,4.1201,9.9186,200,0,18,0,12.055,0
new,4,19.47,19.47,224,800,400,4,32,50000,3,432.55,420.65,355.28,115.28,390.78,23,0,10.288,0,444.36,0,1,89.7,40.663,4.9538,10.011,200,0,18,0,23.144,0
