bits,operation,count,dispatches_per_buffer,samples,warm_device_s,warm_device_min_s,cold_device_s,ns_per_value,effective_GBps,nominal_limb_products_per_s,simd_width,max_threads,threads_per_threadgroup
64,add,65536,32,5,2.0418e-05,8.77734e-06,0,0.311553,192.583,0,32,1024,128
96,add,65536,32,5,7.61719e-06,7.59375e-06,0,0.116229,619.466,0,32,1024,128
128,add,65536,32,5,7.34505e-06,7.30469e-06,0,0.112077,749.487,0,32,1024,128
160,add,65536,32,5,8.22396e-06,8.19922e-06,0,0.125488,765.016,0,32,1024,128
192,add,65536,32,5,1.06602e-05,1.0625e-05,0,0.162661,663.957,0,32,1024,128
224,add,65536,32,5,1.19831e-05,1.17083e-05,0,0.182847,656.286,0,32,1024,128
256,add,65536,32,5,1.56641e-05,1.56211e-05,0,0.239015,552.267,0,32,1024,128
288,add,65536,32,5,2.28789e-05,2.28047e-05,0,0.349104,412.484,0,32,1024,128
320,add,65536,32,5,2.64453e-05,2.62839e-05,0,0.403523,386.595,0,32,1024,128
352,add,65536,32,5,2.45365e-05,2.44727e-05,0,0.374397,448.722,0,32,1024,128
384,add,65536,32,5,3.17109e-05,3.16654e-05,0,0.48387,372,0,32,1024,128
416,add,65536,32,5,3.6332e-05,3.62031e-05,0,0.554383,346.331,0,32,1024,128
448,add,65536,32,5,4.22461e-05,4.22109e-05,0,0.644624,316.463,0,32,1024,128
480,add,65536,32,5,3.36016e-05,3.35326e-05,0,0.512719,421.283,0,32,1024,128
512,add,65536,32,5,4.47734e-05,4.46185e-05,0,0.683188,333.729,0,32,1024,128
544,add,65536,32,5,4.52266e-05,4.46367e-05,0,0.690103,347.774,0,32,1024,128
576,add,65536,32,5,5.06536e-05,5.00664e-05,0,0.772913,326.039,0,32,1024,128
608,add,65536,32,5,5.04753e-05,5.04492e-05,0,0.770191,342.772,0,32,1024,128
640,add,65536,32,5,5.77799e-05,5.63125e-05,0,0.881652,313.049,0,32,1024,128
672,add,65536,32,5,5.62565e-05,5.61094e-05,0,0.858406,335.505,0,32,1024,128
704,add,65536,32,5,6.18971e-05,6.11523e-05,0,0.944475,317.637,0,32,1024,128
736,add,65536,32,5,6.18138e-05,6.14922e-05,0,0.943204,330.787,0,32,1024,128
768,add,65536,32,5,6.6375e-05,6.62812e-05,0,1.0128,319.905,0,32,1024,128
800,add,65536,32,5,6.7082e-05,6.68971e-05,0,1.02359,328.256,0,32,1024,128
832,add,65536,32,5,7.25404e-05,7.20638e-05,0,1.10688,314.398,0,32,1024,128
864,add,65536,32,5,7.4082e-05,7.35247e-05,0,1.1304,318.471,0,32,1024,128
896,add,65536,32,5,8.11133e-05,7.82513e-05,0,1.23769,300.56,0,32,1024,128
928,add,65536,32,5,8.22005e-05,8.06315e-05,0,1.25428,306.152,0,32,1024,128
960,add,65536,32,5,8.69492e-05,8.45768e-05,0,1.32674,298.476,0,32,1024,128
992,add,65536,32,5,7.31484e-05,7.31211e-05,0,1.11616,365.54,0,32,1024,128
1024,add,65536,32,5,7.50898e-05,7.48685e-05,0,1.14578,366.562,0,32,1024,128
64,complex_add,65536,32,5,8.77734e-06,8.74479e-06,0,0.133932,895.98,0,32,1024,128
96,complex_add,65536,32,5,1.23737e-05,1.2263e-05,0,0.188808,762.681,0,32,1024,128
128,complex_add,65536,32,5,1.9e-05,1.89219e-05,0,0.289917,579.476,0,32,1024,128
160,complex_add,65536,32,5,3.15977e-05,3.10039e-05,0,0.482142,398.223,0,32,1024,128
192,complex_add,65536,32,5,3.96055e-05,3.83698e-05,0,0.604332,357.42,0,32,1024,128
224,complex_add,65536,32,5,4.41445e-05,4.39831e-05,0,0.673592,356.299,0,32,1024,128
256,complex_add,65536,32,5,4.79701e-05,4.78932e-05,0,0.731965,360.673,0,32,1024,128
288,complex_add,65536,32,5,5.73477e-05,5.72813e-05,0,0.875056,329.122,0,32,1024,128
320,complex_add,65536,32,5,5.91302e-05,5.88724e-05,0,0.902255,345.8,0,32,1024,128
352,complex_add,65536,32,5,6.36133e-05,6.34023e-05,0,0.970662,346.156,0,32,1024,128
384,complex_add,65536,32,5,6.67773e-05,6.66419e-05,0,1.01894,353.308,0,32,1024,128
416,complex_add,65536,32,5,7.35091e-05,7.31654e-05,0,1.12166,342.35,0,32,1024,128
448,complex_add,65536,32,5,8.01497e-05,7.99141e-05,0,1.22299,333.609,0,32,1024,128
480,complex_add,65536,32,5,8.73737e-05,8.72422e-05,0,1.33322,324.028,0,32,1024,128
512,complex_add,65536,32,5,9.3918e-05,9.37187e-05,0,1.43307,318.197,0,32,1024,128
544,complex_add,65536,32,5,0.000101203,9.87852e-05,0,1.54424,310.833,0,32,1024,128
576,complex_add,65536,32,5,0.000109121,0.000108562,0,1.66506,302.693,0,32,1024,128
608,complex_add,65536,32,5,0.000116991,0.000114465,0,1.78514,295.775,0,32,1024,128
640,complex_add,65536,32,5,0.000125751,0.000122669,0,1.91881,287.678,0,32,1024,128
672,complex_add,65536,32,5,0.000132305,0.000132104,0,2.01881,285.317,0,32,1024,128
704,complex_add,65536,32,5,0.000143185,0.000139931,0,2.18483,274.621,0,32,1024,128
736,complex_add,65536,32,5,0.000142766,0.000142137,0,2.17843,286.445,0,32,1024,128
768,complex_add,65536,32,5,0.000150684,0.0001495,0,2.29925,281.831,0,32,1024,128
800,complex_add,65536,32,5,0.000157734,0.000156145,0,2.40684,279.205,0,32,1024,128
832,complex_add,65536,32,5,0.00016309,0.00016073,0,2.48855,279.681,0,32,1024,128
864,complex_add,65536,32,5,0.000171238,0.00016823,0,2.61289,275.557,0,32,1024,128
896,complex_add,65536,32,5,0.000179285,0.000177974,0,2.73567,271.962,0,32,1024,128
928,complex_add,65536,32,5,0.000195332,0.000193447,0,2.98053,257.672,0,32,1024,128
960,complex_add,65536,32,5,0.000211217,0.000209758,0,3.22292,245.74,0,32,1024,128
992,complex_add,65536,32,5,0.000204197,0.000203582,0,3.11579,261.892,0,32,1024,128
1024,complex_add,65536,32,5,0.000216559,0.000216121,0,3.30442,254.205,0,32,1024,128
64,complex_mul,65536,32,5,1.6319e-05,1.52461e-05,0,0.249008,481.912,6.42549e+10,32,1024,128
96,complex_mul,65536,32,5,3.31432e-05,3.25977e-05,0,0.505726,284.739,7.11849e+10,32,1024,128
128,complex_mul,65536,32,5,5.08242e-05,4.97773e-05,0,0.775516,216.63,8.25257e+10,32,1024,128
160,complex_mul,65536,32,5,6.34844e-05,6.11563e-05,0,0.968695,198.205,1.03232e+11,32,1024,128
192,complex_mul,65536,32,5,6.62292e-05,6.47734e-05,0,1.01058,213.739,1.42493e+11,32,1024,128
224,complex_mul,65536,32,5,8.50273e-05,8.4362e-05,0,1.29741,184.983,1.5107e+11,32,1024,128
256,complex_mul,65536,32,5,9.19753e-05,8.89206e-05,0,1.40343,188.11,1.8241e+11,32,1024,128
288,complex_mul,65536,32,5,0.000109922,0.000106133,0,1.67727,171.707,1.93171e+11,32,1024,128
320,complex_mul,65536,32,5,0.000113695,0.000112503,0,1.73485,179.842,2.30567e+11,32,1024,128
352,complex_mul,65536,32,5,0.000136378,0.000135805,0,2.08096,161.464,2.32585e+11,32,1024,128
384,complex_mul,65536,32,5,0.000151388,0.000150365,0,2.31,155.844,2.49351e+11,32,1024,32
416,complex_mul,65536,32,5,0.000172934,0.000169139,0,2.63876,145.523,2.56181e+11,32,1024,32
448,complex_mul,65536,32,5,0.00018052,0.000180257,0,2.75451,148.121,2.84624e+11,32,1024,32
480,complex_mul,65536,32,5,0.000197965,0.000197596,0,3.0207,143.013,2.97944e+11,32,1024,32
512,complex_mul,65536,32,5,0.000210133,0.000208546,0,3.20637,142.217,3.19364e+11,32,1024,32
544,complex_mul,65536,32,5,0.000270641,0.000268215,0,4.12965,116.233,2.79927e+11,32,1024,32
576,complex_mul,65536,32,5,0.000295344,0.00029094,0,4.50659,111.836,2.87579e+11,32,1024,32
608,complex_mul,65536,32,5,0.000337777,0.000334286,0,5.15407,102.443,2.80167e+11,32,1024,32
640,complex_mul,65536,32,5,0.000378862,0.000372725,0,5.78098,95.4856,2.7677e+11,32,1024,32
672,complex_mul,65536,32,5,0.000445457,0.000443961,0,6.79713,84.7416,2.59521e+11,32,1024,32
704,complex_mul,65536,32,5,0.000482516,0.000481078,0,7.3626,81.4929,2.6295e+11,32,1024,32
736,complex_mul,65536,32,5,0.000487665,0.000483586,0,7.44118,83.8576,2.84363e+11,32,1024,32
768,complex_mul,65536,32,5,0.000513803,0.000507577,0,7.84002,82.6529,2.93877e+11,32,1024,32
800,complex_mul,65536,32,5,0.000611918,0.000605107,0,9.33713,71.9707,2.67748e+11,32,1024,32
832,complex_mul,65536,32,5,0.000662137,0.000645859,0,10.1034,68.8877,2.67633e+11,32,1024,32
864,complex_mul,65536,32,5,0.000719176,0.000701102,0,10.9738,65.6111,2.65725e+11,32,1024,32
896,complex_mul,65536,32,5,0.000591523,0.000582613,0,9.02593,82.4292,3.47443e+11,32,1024,32
928,complex_mul,65536,32,5,0.000614486,0.000593393,0,9.37631,81.9086,3.58777e+11,32,1024,32
960,complex_mul,65536,32,5,0.000664957,0.000652724,0,10.1464,78.0569,3.54804e+11,32,1024,32
992,complex_mul,65536,32,5,0.000703473,0.000687975,0,10.7341,76.0191,3.5811e+11,32,1024,32
1024,complex_mul,65536,32,5,0.000711594,0.000700738,0,10.8581,77.3619,3.77231e+11,32,1024,32
64,complex_div,65536,32,5,3.97565e-05,3.94023e-05,0,0.606636,197.812,5.27499e+10,32,1024,128
96,complex_div,65536,32,5,6.34479e-05,6.12969e-05,0,0.968138,148.739,7.43695e+10,32,1024,128
128,complex_div,65536,32,5,9.12305e-05,8.83372e-05,0,1.39207,120.684,9.19496e+10,32,1024,128
160,complex_div,65536,32,5,0.000111007,0.000107582,0,1.69382,113.353,1.18076e+11,32,1024,128
192,complex_div,65536,32,5,0.000126335,0.000124938,0,1.92771,112.05,1.494e+11,32,1024,128
224,complex_div,65536,32,5,0.000192948,0.000189577,0,2.94415,81.5175,1.33145e+11,32,1024,128
256,complex_div,65536,32,5,0.000206503,0.000203553,0,3.15098,83.7835,1.62489e+11,32,1024,128
288,complex_div,65536,32,5,0.000258715,0.000257561,0,3.94768,72.9543,1.64147e+11,32,1024,128
320,complex_div,65536,32,5,0.000269298,0.000267579,0,4.10916,75.9279,1.94687e+11,32,1024,128
352,complex_div,65536,32,5,0.000298312,0.000296954,0,4.55189,73.8155,2.12659e+11,32,1024,128
384,complex_div,65536,32,5,0.000324147,0.000319759,0,4.94609,72.7847,2.32911e+11,32,1024,32
416,complex_div,65536,32,5,0.000372107,0.000365395,0,5.6779,67.6307,2.38116e+11,32,1024,32
448,complex_div,65536,32,5,0.000389129,0.000383997,0,5.93764,68.7142,2.64078e+11,32,1024,32
480,complex_div,65536,32,5,0.000457469,0.000450284,0,6.98042,61.8874,2.57864e+11,32,1024,32
512,complex_div,65536,32,5,0.000501691,0.000493293,0,7.6552,59.5673,2.6753e+11,32,1024,32
544,complex_div,65536,32,5,0.000560895,0.0005565,0,8.55857,56.0841,2.70139e+11,32,1024,32
576,complex_div,65536,32,5,0.000610203,0.000600395,0,9.31096,54.1298,2.78382e+11,32,1024,32
608,complex_div,65536,32,5,0.000665457,0.000654906,0,10.1541,51.9989,2.84418e+11,32,1024,32
640,complex_div,65536,32,5,0.000732935,0.000719094,0,11.1837,49.3576,2.86131e+11,32,1024,32
672,complex_div,65536,32,5,0.000819878,0.000800497,0,12.5103,46.0419,2.82007e+11,32,1024,32
704,complex_div,65536,32,5,0.000890938,0.000869047,0,13.5946,44.1351,2.84818e+11,32,1024,32
736,complex_div,65536,32,5,0.000893043,0.00088057,0,13.6268,45.7923,3.10566e+11,32,1024,32
768,complex_div,65536,32,5,0.000959711,0.00094235,0,14.644,44.2501,3.14668e+11,32,1024,32
800,complex_div,65536,32,5,0.00111566,0.00107957,0,17.0236,39.4746,2.9371e+11,32,1024,32
832,complex_div,65536,32,5,0.0012868,0.00123722,0,19.6351,35.4468,2.75425e+11,32,1024,32
864,complex_div,65536,32,5,0.00141123,0.00136087,0,21.5337,33.436,2.70832e+11,32,1024,32
896,complex_div,65536,32,5,0.00158421,0.00147616,0,24.1732,30.7779,2.59461e+11,32,1024,32
928,complex_div,65536,32,5,0.0016555,0.00157974,0,25.261,30.4026,2.6634e+11,32,1024,32
960,complex_div,65536,32,5,0.00171388,0.00164455,0,26.1518,30.2847,2.75316e+11,32,1024,32
992,complex_div,65536,32,5,0.00176372,0.00171555,0,26.9122,30.3208,2.8567e+11,32,1024,32
1024,complex_div,65536,32,5,0.00155468,0.00150011,0,23.7226,35.4093,3.45325e+11,32,1024,32
64,recurrence_step,4096,1,5,1.48633e-05,1.46191e-05,0,3.62873,0,1.7637e+10,0,0,0
96,recurrence_step,4096,1,5,3.46042e-05,3.45885e-05,0,8.44828,0,1.70449e+10,0,0,0
128,recurrence_step,4096,1,5,4.55977e-05,4.49414e-05,0,11.1322,0,2.29963e+10,0,0,0
160,recurrence_step,4096,1,5,6.19733e-05,6.09355e-05,0,15.1302,0,2.64372e+10,0,0,0
192,recurrence_step,4096,1,5,8.3569e-05,8.30651e-05,0,20.4026,0,2.82317e+10,0,0,0
224,recurrence_step,4096,1,5,0.000108649,0.000108307,0,26.5257,0,2.95563e+10,0,0,0
256,recurrence_step,4096,1,5,0.00012118,0.000120385,0,29.5849,0,3.46123e+10,0,0,0
288,recurrence_step,4096,1,5,0.000143978,0.000143777,0,35.1508,0,3.68697e+10,0,0,0
320,recurrence_step,4096,1,5,0.000151769,0.000151484,0,37.0529,0,4.31814e+10,0,0,0
352,recurrence_step,4096,1,5,0.000154176,0.000153161,0,37.6406,0,5.14339e+10,0,0,0
384,recurrence_step,4096,1,5,0.000170459,0.000170054,0,41.616,0,5.53634e+10,0,0,0
416,recurrence_step,4096,1,5,0.000190973,0.000190752,0,46.6242,0,5.79957e+10,0,0,0
448,recurrence_step,4096,1,5,0.00020575,0.000205501,0,50.2319,0,6.24304e+10,0,0,0
480,recurrence_step,4096,1,5,0.000194594,0.000194466,0,47.5082,0,7.57763e+10,0,0,0
512,recurrence_step,4096,1,5,0.000218117,0.000217826,0,53.2511,0,7.69186e+10,0,0,0
544,recurrence_step,4096,1,5,0.000247725,0.00024449,0,60.4796,0,7.64555e+10,0,0,0
576,recurrence_step,4096,1,5,0.000269882,0.000268508,0,65.889,0,7.86777e+10,0,0,0
608,recurrence_step,4096,1,5,0.000294615,0.000293354,0,71.9275,0,8.0303e+10,0,0,0
640,recurrence_step,4096,1,5,0.000315556,0.000311446,0,77.04,0,8.30737e+10,0,0,0
672,recurrence_step,4096,1,5,0.000345836,0.000342221,0,84.4326,0,8.35696e+10,0,0,0
704,recurrence_step,4096,1,5,0.000376534,0.000374148,0,91.9272,0,8.42406e+10,0,0,0
736,recurrence_step,4096,1,5,0.000405441,0.000402467,0,98.9846,0,8.55083e+10,0,0,0
768,recurrence_step,4096,1,5,0.000433831,0.000429707,0,105.916,0,8.70126e+10,0,0,0
800,recurrence_step,4096,1,5,0.000465049,0.000464326,0,113.537,0,8.80768e+10,0,0,0
832,recurrence_step,4096,1,5,0.000474414,0.000472605,0,115.824,0,9.33833e+10,0,0,0
864,recurrence_step,4096,1,5,0.000501016,0.000499525,0,122.318,0,9.53578e+10,0,0,0
896,recurrence_step,4096,1,5,0.000524843,0.000523607,0,128.136,0,9.78964e+10,0,0,0
928,recurrence_step,4096,1,5,0.000549234,0.000543661,0,134.09,0,1.0035e+11,0,0,0
960,recurrence_step,4096,1,5,0.000564148,0.000561872,0,137.731,0,1.04551e+11,0,0,0
992,recurrence_step,4096,1,5,0.000571074,0.000566945,0,139.422,0,1.10284e+11,0,0,0
1024,recurrence_step,4096,1,5,0.00059037,0.000590135,0,144.133,0,1.13672e+11,0,0,0
