bits,count,method,samples,gpu_median_s,wall_median_s
256,257,mul_self,9,4.199999967e-05,0.000200959
256,257,square,9,4.758330761e-05,0.00023275
384,257,mul_self,9,8.825000259e-05,0.000251209
384,257,square,9,8.587498451e-05,0.000249208
1024,257,mul_self,9,0.0001101249945,0.000263125
1024,257,square,9,0.0001313750108,0.000281209
256,4096,mul_self,9,3.9583334e-05,0.000187959
256,4096,square,9,4.920834908e-05,0.000234375
384,4096,mul_self,9,9.025001782e-05,0.000231959
384,4096,square,9,9.279168444e-05,0.000244083
1024,4096,mul_self,9,0.0001169999887,0.000253209
1024,4096,square,9,0.000138125004,0.000277917
256,65536,mul_self,9,4.60416486e-05,0.000217792
256,65536,square,9,5.333332228e-05,0.000215959
384,65536,mul_self,9,0.0001855416631,0.000369583
384,65536,square,9,0.0001433750149,0.000327292
1024,65536,mul_self,9,0.0004632916534,0.000680208
1024,65536,square,9,0.0005665833305,0.000789375
