bits,m,n,kappa,rhs,nrhs,method,log2_fwd_norm,log2_fwd_comp,log2_ne_bwd_comp,log2_rel_residual,log2_opt_residual,log2_residual_excess
224,400,200,-1,random,4,limbforge_qr,-221.73,-213.7,-224.97,-0.41628,-0.41628,-222.37
224,400,200,-1,random,4,limbforge_qr_pivoted,-220.94,-213.85,-225.16,-0.41628,-0.41628,-222.62
224,400,200,-1,random,4,limbforge_normal_equations,-219.61,-214.64,-225.02,-0.41628,-0.41628,-222.15
224,400,200,-1,random,4,mpfr_householder,-218.92,-213.56,-221.88,-0.41628,-0.41628,-219.57
224,400,200,-1,consistent,4,limbforge_qr,-106.94,-100.73,-222.43,-222.84,-225.84,3.2516
224,400,200,-1,consistent,4,limbforge_qr_pivoted,-107.83,-99.324,-222.86,-222.35,-225.84,3.7474
224,400,200,-1,consistent,4,limbforge_normal_equations,-106.4,-99.231,-223.61,-223.06,-225.84,3.0318
224,400,200,-1,consistent,4,mpfr_householder,-104.88,-98.104,-219.7,-220.3,-225.84,5.7971
224,400,200,40,random,4,limbforge_qr,-177.96,-173.31,-227.35,-0.4665,-0.4665,-181.09
224,400,200,40,random,4,limbforge_qr_pivoted,-178.45,-173.71,-227.52,-0.4665,-0.4665,-181.62
224,400,200,40,random,4,limbforge_normal_equations,-134.9,-130.23,-227.45,-0.4665,-0.4665,-137.72
224,400,200,40,random,4,mpfr_householder,-174.94,-170.29,-224.58,-0.4665,-0.4665,-178.21
224,400,200,40,consistent,4,limbforge_qr,-68.642,-63.656,-224.82,-223.12,-225.77,2.6979
224,400,200,40,consistent,4,limbforge_qr_pivoted,-70.1,-64.15,-225.27,-223.3,-225.77,2.513
224,400,200,40,consistent,4,limbforge_normal_equations,-21.401,-15.509,-224.97,-179.94,-225.77,45.832
224,400,200,40,consistent,4,mpfr_householder,-66.922,-61.054,-222.73,-220.79,-225.77,5.0437
224,400,200,100,random,4,limbforge_qr,-122.75,-117.36,-227.65,-0.47018,-0.47018,-126.51
224,400,200,100,random,4,limbforge_qr_pivoted,-121.52,-117.64,-226.81,-0.47018,-0.47018,-125.42
224,400,200,100,random,4,limbforge_normal_equations,-20.746,-15.653,-227.05,-0.47018,-0.47018,-25.696
224,400,200,100,random,4,mpfr_householder,-120.39,-114.72,-224.4,-0.47018,-0.47018,-123.23
224,400,200,100,consistent,4,limbforge_qr,-12.29,-5.2571,-224.42,-223.04,-225.69,2.6464
224,400,200,100,consistent,4,limbforge_qr_pivoted,-12.424,-4.4881,-224.17,-222.79,-225.69,2.8857
224,400,200,100,consistent,4,limbforge_normal_equations,92.506,100.36,-224.78,-122.28,-225.69,103.51
224,400,200,100,consistent,4,mpfr_householder,-10.277,-3.0354,-222.02,-219.89,-225.69,5.8712
256,400,200,-1,random,4,limbforge_qr,-253.52,-240.68,-256.89,-0.43762,-0.43762,-254.47
256,400,200,-1,random,4,limbforge_qr_pivoted,-252.54,-241.61,-256.74,-0.43762,-0.43762,-254.46
256,400,200,-1,random,4,limbforge_normal_equations,-253.65,-244.34,-256.77,-0.43762,-0.43762,-254.35
256,400,200,-1,random,4,mpfr_householder,-250.67,-239.51,-253.7,-0.43762,-0.43762,-251.47
256,400,200,-1,consistent,4,limbforge_qr,-139.68,-132.79,-253.72,-255,-257.76,2.9237
256,400,200,-1,consistent,4,limbforge_qr_pivoted,-140.74,-133.65,-253.77,-255.06,-257.76,2.9348
256,400,200,-1,consistent,4,limbforge_normal_equations,-137.66,-131.4,-255.43,-254.23,-257.76,3.7782
256,400,200,-1,consistent,4,mpfr_householder,-136.01,-128.79,-250.82,-251.99,-257.76,5.9461
256,400,200,40,random,4,limbforge_qr,-211.59,-204.33,-259.04,-0.44247,-0.44247,-215.45
256,400,200,40,random,4,limbforge_qr_pivoted,-211.61,-205.19,-259.18,-0.44247,-0.44247,-215.58
256,400,200,40,random,4,limbforge_normal_equations,-169.98,-163.12,-259.03,-0.44247,-0.44247,-173.09
256,400,200,40,random,4,mpfr_householder,-209.52,-201.19,-256.6,-0.44247,-0.44247,-213.12
256,400,200,40,consistent,4,limbforge_qr,-101.98,-96.783,-256.63,-255.17,-257.6,2.6075
256,400,200,40,consistent,4,limbforge_qr_pivoted,-101.75,-94.467,-256.06,-254.71,-257.6,3.0697
256,400,200,40,consistent,4,limbforge_normal_equations,-55.973,-50.159,-255.6,-214.38,-257.6,43.357
256,400,200,40,consistent,4,mpfr_householder,-98.315,-91.564,-254.19,-252.52,-257.6,5.2092
256,400,200,100,random,4,limbforge_qr,-152.53,-146.29,-258.86,-0.42519,-0.42519,-156.91
256,400,200,100,random,4,limbforge_qr_pivoted,-151.78,-145.53,-259.39,-0.42519,-0.42519,-157
256,400,200,100,random,4,limbforge_normal_equations,-50.925,-43.374,-258.82,-0.42519,-0.42519,-54.692
256,400,200,100,random,4,mpfr_householder,-148.23,-141.99,-256.18,-0.42519,-0.42519,-153.98
256,400,200,100,consistent,4,limbforge_qr,-43.355,-35.292,-256.53,-255.21,-257.65,2.4833
256,400,200,100,consistent,4,limbforge_qr_pivoted,-43.539,-36.161,-256.36,-255.14,-257.65,2.4925
256,400,200,100,consistent,4,limbforge_normal_equations,60.619,67.996,-256.4,-155.31,-257.65,102.49
256,400,200,100,consistent,4,mpfr_householder,-39.575,-31.64,-253.72,-252.3,-257.65,5.4661
