repeat,bits,lanes,kernel,G,limbs_per_lane,threads,steps,samples,median_us_per_step,min_us_per_step,speedup_vs_thread
1,128,512,thread,1,4,512,64,9,42.5195,41.3184,1
1,128,512,coop,4,1,2048,64,9,27.9095,27.707,1.52348
1,128,512,coop,8,1,4096,64,9,28.6322,28.5482,1.48503
1,128,512,coop,16,1,8192,64,9,31.5293,31.4284,1.34857
1,128,1024,thread,1,4,1024,64,9,42.7799,42.7715,1
1,128,1024,coop,4,1,4096,64,9,27.7422,27.625,1.54205
1,128,1024,coop,8,1,8192,64,9,32.0078,31.9824,1.33655
1,128,1024,coop,16,1,16384,64,9,41.5723,41.125,1.02905
1,128,1536,thread,1,4,1536,64,9,44.1003,43.3145,1
1,128,1536,coop,4,1,6144,64,9,30.3346,30.054,1.45379
1,128,1536,coop,8,1,12288,64,9,37.5931,36.8203,1.17309
1,128,1536,coop,16,1,24576,64,9,53.5124,53.0762,0.824113
1,128,2048,thread,1,4,2048,64,9,47.293,45.8262,1
1,128,2048,coop,4,1,8192,64,9,33.8672,32.5638,1.39642
1,128,2048,coop,8,1,16384,64,9,43.4681,42.6335,1.08799
1,128,2048,coop,16,1,32768,64,9,71.0853,68.8991,0.665299
1,128,3072,thread,1,4,3072,64,9,55.1361,53.1504,1
1,128,3072,coop,4,1,12288,64,9,45.1921,42.6634,1.22004
1,128,3072,coop,8,1,24576,64,9,65.7298,64.0195,0.838829
1,128,3072,coop,16,1,49152,64,9,122.391,121.374,0.450493
1,128,4096,thread,1,4,4096,64,9,58.8424,57.3047,1
1,128,4096,coop,4,1,16384,64,9,54.3203,51.6816,1.08325
1,128,4096,coop,8,1,32768,64,9,83.3587,79.7487,0.705894
1,128,4096,coop,16,1,65536,64,9,165.682,160.232,0.355154
1,128,6144,thread,1,4,6144,64,9,61.2083,57.1751,1
1,128,6144,coop,4,1,24576,64,9,69.9648,67.0508,0.874844
1,128,6144,coop,8,1,49152,64,9,132.814,129.629,0.460858
1,128,6144,coop,16,1,98304,64,9,251.542,249.284,0.243333
1,128,8192,thread,1,4,8192,64,9,61.4883,61.2116,1
1,128,8192,coop,4,1,32768,64,9,88.7598,88.3451,0.692749
1,128,8192,coop,8,1,65536,64,9,178.498,175.809,0.344476
1,128,8192,coop,16,1,131072,64,9,337.831,331.519,0.182009
1,256,512,thread,1,8,512,64,9,108.516,105.051,1
1,256,512,coop,4,2,2048,64,9,48.9212,48.8594,2.21817
1,256,512,coop,8,1,4096,64,9,40.8112,40.7669,2.65897
1,256,512,coop,16,1,8192,64,9,42.2005,42.1354,2.57143
1,256,1024,thread,1,8,1024,64,9,109.379,109.342,1
1,256,1024,coop,4,2,4096,64,9,49.0957,48.8535,2.22787
1,256,1024,coop,8,1,8192,64,9,41.3177,40.9102,2.64726
1,256,1024,coop,16,1,16384,64,9,54.278,52.7012,2.01516
1,256,1536,thread,1,8,1536,64,9,109.629,109.35,1
1,256,1536,coop,4,2,6144,64,9,49.0859,48.7611,2.23341
1,256,1536,coop,8,1,12288,64,9,44.4642,44.0065,2.46555
1,256,1536,coop,16,1,24576,64,9,67.015,66.5996,1.63589
1,256,2048,thread,1,8,2048,64,9,114.179,113.123,1
1,256,2048,coop,4,2,8192,64,9,50.8477,50.0853,2.24551
1,256,2048,coop,8,1,16384,64,9,55.0951,53.7715,2.0724
1,256,2048,coop,16,1,32768,64,9,86.1413,84.1901,1.32549
1,256,3072,thread,1,8,3072,64,9,124.672,120.564,1
1,256,3072,coop,4,2,12288,64,9,66.4733,63.7207,1.87552
1,256,3072,coop,8,1,24576,64,9,76.5378,73.3848,1.62889
1,256,3072,coop,16,1,49152,64,9,145.339,142.105,0.857803
1,256,4096,thread,1,8,4096,64,9,135.739,133.102,1
1,256,4096,coop,4,2,16384,64,9,79.8965,77.748,1.69893
1,256,4096,coop,8,1,32768,64,9,102.474,100.483,1.32462
1,256,4096,coop,16,1,65536,64,9,211.893,208.049,0.640603
1,256,6144,thread,1,8,6144,64,9,145.043,140.307,1
1,256,6144,coop,4,2,24576,64,9,107.701,104.96,1.34672
1,256,6144,coop,8,1,49152,64,9,167.311,161.934,0.866905
1,256,6144,coop,16,1,98304,64,9,326.292,317.652,0.444518
1,256,8192,thread,1,8,8192,64,9,152.917,149.46,1
1,256,8192,coop,4,2,32768,64,9,149.374,148.006,1.02371
1,256,8192,coop,8,1,65536,64,9,226.871,223.09,0.674024
1,256,8192,coop,16,1,131072,64,9,442.94,433.812,0.345231
1,384,512,thread,1,12,512,64,9,168.227,166.414,1
1,384,512,coop,4,3,2048,64,9,61.5326,61.4043,2.73394
1,384,512,coop,8,2,4096,64,9,44.3724,44.2754,3.79124
1,384,512,coop,16,1,8192,64,9,32.5449,32.4375,5.16906
1,384,1024,thread,1,12,1024,64,9,168.641,168.581,1
1,384,1024,coop,4,3,4096,64,9,60.6009,60.5273,2.78281
1,384,1024,coop,8,2,8192,64,9,44.5156,44.4453,3.78835
1,384,1024,coop,16,1,16384,64,9,56.7031,56.6302,2.9741
1,384,1536,thread,1,12,1536,64,9,173.555,170.711,1
1,384,1536,coop,4,3,6144,64,9,62.4805,61.3639,2.77774
1,384,1536,coop,8,2,12288,64,9,61.4655,59.2643,2.82361
1,384,1536,coop,16,1,24576,64,9,76.498,75.4844,2.26875
1,384,2048,thread,1,12,2048,64,9,189.311,185.576,1
1,384,2048,coop,4,3,8192,64,9,68.9727,67.2461,2.74472
1,384,2048,coop,8,2,16384,64,9,76.0625,74.1224,2.48888
1,384,2048,coop,16,1,32768,64,9,105.452,104.678,1.79522
1,384,3072,thread,1,12,3072,64,9,197.08,193.933,1
1,384,3072,coop,4,3,12288,64,9,92.3366,91.0911,2.13437
1,384,3072,coop,8,2,24576,64,9,106.202,104.223,1.8557
1,384,3072,coop,16,1,49152,64,9,167.057,164.147,1.17972
1,384,4096,thread,1,12,4096,64,9,214.636,209.796,1
1,384,4096,coop,4,3,16384,64,9,112.389,110.744,1.90977
1,384,4096,coop,8,2,32768,64,9,151.56,147.495,1.41618
1,384,4096,coop,16,1,65536,64,9,229.275,225.245,0.93615
1,384,6144,thread,1,12,6144,64,9,229.765,227.824,1
1,384,6144,coop,4,3,24576,64,9,153.861,152.75,1.49333
1,384,6144,coop,8,2,49152,64,9,227.584,225.019,1.00958
1,384,6144,coop,16,1,98304,64,9,356.336,352.664,0.644799
1,384,8192,thread,1,12,8192,64,9,241.592,237.691,1
1,384,8192,coop,4,3,32768,64,9,224.82,219.708,1.0746
1,384,8192,coop,8,2,65536,64,9,300.774,294.701,0.803233
1,384,8192,coop,16,1,131072,64,9,484.588,470.665,0.498551
1,512,512,thread,1,16,512,64,9,220.574,219.613,1
1,512,512,coop,4,4,2048,64,9,81.8053,81.6992,2.69633
1,512,512,coop,8,2,4096,64,9,45.696,45.6113,4.827
1,512,512,coop,16,1,8192,64,9,40.3926,40.0658,5.46076
1,512,1024,thread,1,16,1024,64,9,221.528,221.428,1
1,512,1024,coop,4,4,4096,64,9,84.8105,82.377,2.61203
1,512,1024,coop,8,2,8192,64,9,48.8561,46.459,4.53429
1,512,1024,coop,16,1,16384,64,9,64.6426,64.2025,3.42697
1,512,1536,thread,1,16,1536,64,9,223.641,221.386,1
1,512,1536,coop,4,4,6144,64,9,86.2363,85.8066,2.59335
1,512,1536,coop,8,2,12288,64,9,66.6842,64.4609,3.35373
1,512,1536,coop,16,1,24576,64,9,87.1055,85.3789,2.56747
1,512,2048,thread,1,16,2048,64,9,231.633,230.872,1
1,512,2048,coop,4,4,8192,64,9,88.8079,86.2988,2.60824
1,512,2048,coop,8,2,16384,64,9,77.9004,75.4876,2.97345
1,512,2048,coop,16,1,32768,64,9,114.224,111.144,2.02788
1,512,3072,thread,1,16,3072,64,9,252.223,245.928,1
1,512,3072,coop,4,4,12288,64,9,125.904,121.597,2.0033
1,512,3072,coop,8,2,24576,64,9,111.096,109.538,2.27032
1,512,3072,coop,16,1,49152,64,9,180.275,177.839,1.3991
1,512,4096,thread,1,16,4096,64,9,281.848,275.711,1
1,512,4096,coop,4,4,16384,64,9,160.533,156.247,1.7557
1,512,4096,coop,8,2,32768,64,9,163.298,160.045,1.72597
1,512,4096,coop,16,1,65536,64,9,258.501,252.236,1.09031
1,512,6144,thread,1,16,6144,64,9,305.454,299.457,1
1,512,6144,coop,4,4,24576,64,9,221.559,218.992,1.37866
1,512,6144,coop,8,2,49152,64,9,248.307,246.219,1.23015
1,512,6144,coop,16,1,98304,64,9,399.687,395.428,0.764233
1,512,8192,thread,1,16,8192,64,9,316.848,314,1
1,512,8192,coop,4,4,32768,64,9,303.329,296.546,1.04457
1,512,8192,coop,8,2,65536,64,9,324.672,321.432,0.975901
1,512,8192,coop,16,1,131072,64,9,529.271,526.076,0.598649
1,768,512,thread,1,24,512,64,9,379.158,378.425,1
1,768,512,coop,4,6,2048,64,9,137.324,137.096,2.76104
1,768,512,coop,8,3,4096,64,9,67.6725,67.5352,5.60284
1,768,512,coop,16,2,8192,64,9,51.2396,51.1465,7.39971
1,768,1024,thread,1,24,1024,64,9,378.07,377.867,1
1,768,1024,coop,4,6,4096,64,9,139.412,139.027,2.71189
1,768,1024,coop,8,3,8192,64,9,68.2409,67.9707,5.54022
1,768,1024,coop,16,2,16384,64,9,88.7943,88.4902,4.25782
1,768,1536,thread,1,24,1536,64,9,393.21,387.479,1
1,768,1536,coop,4,6,6144,64,9,145.911,144.781,2.69485
1,768,1536,coop,8,3,12288,64,9,98.8418,95.7988,3.97817
1,768,1536,coop,16,2,24576,64,9,122.817,121.383,3.20159
1,768,2048,thread,1,24,2048,64,9,430.766,422.869,1
1,768,2048,coop,4,6,8192,64,9,159.081,154.818,2.70783
1,768,2048,coop,8,3,16384,64,9,125.031,122.49,3.44526
1,768,2048,coop,16,2,32768,64,9,173.893,169.703,2.47719
1,768,3072,thread,1,24,3072,64,9,475.389,460.092,1
1,768,3072,coop,4,6,12288,64,9,228.764,221.295,2.07808
1,768,3072,coop,8,3,24576,64,9,187.507,183.119,2.53532
1,768,3072,coop,16,2,49152,64,9,284.395,275.742,1.67158
1,768,4096,thread,1,24,4096,64,9,506.014,502.068,1
1,768,4096,coop,4,6,16384,64,9,275.916,274.473,1.83394
1,768,4096,coop,8,3,32768,64,9,280.286,277.695,1.80535
1,768,4096,coop,16,2,65536,64,9,386.85,381.007,1.30804
1,768,6144,thread,1,24,6144,64,9,566.398,556.543,1
1,768,6144,coop,4,6,24576,64,9,390.753,383.492,1.44951
1,768,6144,coop,8,3,49152,64,9,407.777,401.13,1.38899
1,768,6144,coop,16,2,98304,64,9,603.068,589.597,0.939194
1,768,8192,thread,1,24,8192,64,9,612.389,593.977,1
1,768,8192,coop,4,6,32768,64,9,541.983,527.892,1.1299
1,768,8192,coop,8,3,65536,64,9,547.141,533.848,1.11925
1,768,8192,coop,16,2,131072,64,9,803.963,771.96,0.761713
1,1024,512,thread,1,32,512,64,9,562.458,559.445,1
1,1024,512,coop,4,8,2048,64,9,290.154,289.561,1.93848
1,1024,512,coop,8,4,4096,64,9,94.1855,94.1003,5.9718
1,1024,512,coop,16,2,8192,64,9,67.9108,65.5651,8.2823
1,1024,1024,thread,1,32,1024,64,9,566.179,565.075,1
1,1024,1024,coop,4,8,4096,64,9,284.209,283.746,1.99212
1,1024,1024,coop,8,4,8192,64,9,97.9453,95.4687,5.78056
1,1024,1024,coop,16,2,16384,64,9,102.776,102.587,5.50886
1,1024,1536,thread,1,32,1536,64,9,591.25,578.076,1
1,1024,1536,coop,4,8,6144,64,9,370.604,364.018,1.59537
1,1024,1536,coop,8,4,12288,64,9,150.872,147.247,3.91889
1,1024,1536,coop,16,2,24576,64,9,144.378,141.346,4.09515
1,1024,2048,thread,1,32,2048,64,9,628.221,617.496,1
1,1024,2048,coop,4,8,8192,64,9,469.162,454.079,1.33903
1,1024,2048,coop,8,4,16384,64,9,200.051,196.061,3.14031
1,1024,2048,coop,16,2,32768,64,9,196.475,193.251,3.19747
1,1024,3072,thread,1,32,3072,64,9,725.327,702.605,1
1,1024,3072,coop,4,8,12288,64,9,648.723,641.801,1.11809
1,1024,3072,coop,8,4,24576,64,9,286.727,278.18,2.52968
1,1024,3072,coop,16,2,49152,64,9,324.465,317.637,2.23546
1,1024,4096,thread,1,32,4096,64,9,767.248,753.816,1
1,1024,4096,coop,4,8,16384,64,9,775.311,768.092,0.989601
1,1024,4096,coop,8,4,32768,64,9,398.543,393.264,1.92513
1,1024,4096,coop,16,2,65536,64,9,440.781,433.31,1.74066
1,1024,6144,thread,1,32,6144,64,9,854.32,836.969,1
1,1024,6144,coop,4,8,24576,64,9,1174.86,1133.41,0.727171
1,1024,6144,coop,8,4,49152,64,9,593.822,584.531,1.43868
1,1024,6144,coop,16,2,98304,64,9,672.924,659.977,1.26956
1,1024,8192,thread,1,32,8192,64,9,940.723,926.658,1
1,1024,8192,coop,4,8,32768,64,9,1543.6,1508.15,0.609433
1,1024,8192,coop,8,4,65536,64,9,773.618,746.615,1.216
1,1024,8192,coop,16,2,131072,64,9,894.66,859.824,1.05149
2,64,256,thread,1,2,256,64,9,14.041,13.3307,1
2,64,256,coop,4,1,1024,64,9,22.4193,22.334,0.626292
2,64,256,coop,8,1,2048,64,9,22.1686,22.0488,0.633373
2,64,256,coop,16,1,4096,64,9,22.3958,22.334,0.626948
2,64,256,coop,32,1,8192,64,9,21.0078,20.9525,0.668371
2,64,512,thread,1,2,512,64,9,13.6934,13.6061,1
2,64,512,coop,4,1,2048,64,9,22.6003,22.4603,0.605894
2,64,512,coop,8,1,4096,64,9,22.3346,22.0605,0.6131
2,64,512,coop,16,1,8192,64,9,24.5098,24.4616,0.55869
2,64,512,coop,32,1,16384,64,9,32.7799,32.6465,0.417736
2,64,768,thread,1,2,768,64,9,13.625,13.4772,1
2,64,768,coop,4,1,3072,64,9,22.918,22.7676,0.594512
2,64,768,coop,8,1,6144,64,9,23.3991,23.3379,0.582288
2,64,768,coop,16,1,12288,64,9,31.7604,31.5625,0.428993
2,64,768,coop,32,1,24576,64,9,42.0996,41.9935,0.323637
2,64,1024,thread,1,2,1024,64,9,13.9902,13.7767,1
2,64,1024,coop,4,1,4096,64,9,23.071,23.0202,0.6064
2,64,1024,coop,8,1,8192,64,9,25.0612,24.9746,0.558243
2,64,1024,coop,16,1,16384,64,9,35.8672,35.5937,0.390057
2,64,1024,coop,32,1,32768,64,9,52.0801,51.8639,0.268629
2,64,1536,thread,1,2,1536,64,9,14.0137,13.7539,1
2,64,1536,coop,4,1,6144,64,9,24.4603,24.3418,0.572915
2,64,1536,coop,8,1,12288,64,9,32.0723,31.8184,0.43694
2,64,1536,coop,16,1,24576,64,9,45.9668,45.8301,0.304865
2,64,1536,coop,32,1,49152,64,9,77.6836,77.418,0.180394
2,64,2048,thread,1,2,2048,64,9,14.168,13.7305,1
2,64,2048,coop,4,1,8192,64,9,25.8268,25.7715,0.548576
2,64,2048,coop,8,1,16384,64,9,36.1348,35.873,0.392087
2,64,2048,coop,16,1,32768,64,9,56.89,56.6777,0.249042
2,64,2048,coop,32,1,65536,64,9,99.778,98.64,0.141995
2,64,3072,thread,1,2,3072,64,9,14.0299,13.6465,1
2,64,3072,coop,4,1,12288,64,9,32.7812,32.4629,0.427987
2,64,3072,coop,8,1,24576,64,9,45.9473,45.804,0.305349
2,64,3072,coop,16,1,49152,64,9,85.3457,85.0794,0.16439
2,64,3072,coop,32,1,98304,64,9,144.154,143.277,0.0973259
2,64,4096,thread,1,2,4096,64,9,14.6074,14.3822,1
2,64,4096,coop,4,1,16384,64,9,36.9473,36.5501,0.395359
2,64,4096,coop,8,1,32768,64,9,56.9668,56.6882,0.25642
2,64,4096,coop,16,1,65536,64,9,110.193,109.504,0.132562
2,64,4096,coop,32,1,131072,64,9,184.191,183.639,0.0793057
2,64,5120,thread,1,2,5120,64,9,14.0345,13.8288,1
2,64,5120,coop,4,1,20480,64,9,39.7891,39.5937,0.352723
2,64,5120,coop,8,1,40960,64,9,71.75,71.4121,0.195603
2,64,5120,coop,16,1,81920,64,9,135.128,134.22,0.103861
2,64,5120,coop,32,1,163840,64,9,228.584,227.041,0.0613976
2,64,6144,thread,1,2,6144,64,9,14.25,14.1764,1
2,64,6144,coop,4,1,24576,64,9,47.0039,46.9245,0.303166
2,64,6144,coop,8,1,49152,64,9,85.8711,85.0267,0.165946
2,64,6144,coop,16,1,98304,64,9,161.85,160.126,0.0880447
2,64,6144,coop,32,1,196608,64,9,271.142,269.342,0.0525555
2,64,8192,thread,1,2,8192,64,9,14.3197,14.2285,1
2,64,8192,coop,4,1,32768,64,9,58.252,58.0872,0.245823
2,64,8192,coop,8,1,65536,64,9,110.489,109.598,0.129603
2,64,8192,coop,16,1,131072,64,9,208.432,206.23,0.068702
2,64,8192,coop,32,1,262144,64,9,356.947,355.764,0.040117
2,128,256,thread,1,4,256,64,9,41.1855,41.0723,1
2,128,256,coop,4,1,1024,64,9,26.4082,26.3952,1.55957
2,128,256,coop,8,1,2048,64,9,28.7363,28.5039,1.43322
2,128,256,coop,16,1,4096,64,9,28.1895,28.1081,1.46103
2,128,256,coop,32,1,8192,64,9,26.4609,26.3945,1.55647
2,128,512,thread,1,4,512,64,9,42.3457,41.2969,1
2,128,512,coop,4,1,2048,64,9,27.1992,27.1263,1.55687
2,128,512,coop,8,1,4096,64,9,28.8757,28.8398,1.46648
2,128,512,coop,16,1,8192,64,9,31.8262,31.7813,1.33053
2,128,512,coop,32,1,16384,64,9,37.1543,36.8477,1.13973
2,128,768,thread,1,4,768,64,9,42.4076,42.3411,1
2,128,768,coop,4,1,3072,64,9,27.752,27.5378,1.52809
2,128,768,coop,8,1,6144,64,9,31.3867,31.2956,1.35113
2,128,768,coop,16,1,12288,64,9,36.8841,36.6348,1.14975
2,128,768,coop,32,1,24576,64,9,47.3704,47.3203,0.895232
2,128,1024,thread,1,4,1024,64,9,42.4395,42.4108,1
2,128,1024,coop,4,1,4096,64,9,27.4961,27.4082,1.54347
2,128,1024,coop,8,1,8192,64,9,32.1862,32.1445,1.31856
2,128,1024,coop,16,1,16384,64,9,41.7253,41.3496,1.01712
2,128,1024,coop,32,1,32768,64,9,58.2656,58.1934,0.728379
2,128,1536,thread,1,4,1536,64,9,43.0026,42.7031,1
2,128,1536,coop,4,1,6144,64,9,30.168,30.002,1.42544
2,128,1536,coop,8,1,12288,64,9,36.8242,36.7103,1.16778
2,128,1536,coop,16,1,24576,64,9,52.9518,52.8438,0.812108
2,128,1536,coop,32,1,49152,64,9,87.8236,87.498,0.489648
2,128,2048,thread,1,4,2048,64,9,44.375,44.2871,1
2,128,2048,coop,4,1,8192,64,9,31.4583,31.2878,1.4106
2,128,2048,coop,8,1,16384,64,9,41.8594,41.5632,1.0601
2,128,2048,coop,16,1,32768,64,9,65.2897,65.0937,0.679663
2,128,2048,coop,32,1,65536,64,9,114.382,113.951,0.387954
2,128,3072,thread,1,4,3072,64,9,44.7422,44.5215,1
2,128,3072,coop,4,1,12288,64,9,37.1289,36.6465,1.20505
2,128,3072,coop,8,1,24576,64,9,52.8809,52.6309,0.846094
2,128,3072,coop,16,1,49152,64,9,99.2663,98.8444,0.450729
2,128,3072,coop,32,1,98304,64,9,166.236,165.646,0.269148
2,128,4096,thread,1,4,4096,64,9,45.2174,45.0833,1
2,128,4096,coop,4,1,16384,64,9,41.3867,40.9896,1.09256
2,128,4096,coop,8,1,32768,64,9,65.4076,65.1842,0.691318
2,128,4096,coop,16,1,65536,64,9,130.309,128.719,0.347003
2,128,4096,coop,32,1,131072,64,9,214.141,211.496,0.211158
2,128,5120,thread,1,4,5120,64,9,44.5807,44.416,1
2,128,5120,coop,4,1,20480,64,9,44.306,44.0625,1.0062
2,128,5120,coop,8,1,40960,64,9,84.7611,83.7298,0.525958
2,128,5120,coop,16,1,81920,64,9,159.49,158.648,0.27952
2,128,5120,coop,32,1,163840,64,9,264.219,261.999,0.168726
2,128,6144,thread,1,4,6144,64,9,44.7389,44.5977,1
2,128,6144,coop,4,1,24576,64,9,52.457,52.2383,0.852868
2,128,6144,coop,8,1,49152,64,9,99.8789,98.5039,0.447932
2,128,6144,coop,16,1,98304,64,9,190.355,188.426,0.235028
2,128,6144,coop,32,1,196608,64,9,311.618,309.969,0.14357
2,128,8192,thread,1,4,8192,64,9,46.125,45.1406,1
2,128,8192,coop,4,1,32768,64,9,66.4375,65.5938,0.694262
2,128,8192,coop,8,1,65536,64,9,132.723,130.523,0.347529
2,128,8192,coop,16,1,131072,64,9,252.408,248.743,0.18274
2,128,8192,coop,32,1,262144,64,9,420.754,414.858,0.109625
2,192,256,thread,1,6,256,64,9,73.9004,72.6868,1
2,192,256,coop,4,2,1024,64,9,42.5,42.4805,1.73883
2,192,256,coop,8,1,2048,64,9,35.8477,35.7122,2.06151
2,192,256,coop,16,1,4096,64,9,35.9707,35.929,2.05446
2,192,256,coop,32,1,8192,64,9,31.418,31.3353,2.35217
2,192,512,thread,1,6,512,64,9,73.8809,73.5833,1
2,192,512,coop,4,2,2048,64,9,44.2702,43.7813,1.66886
2,192,512,coop,8,1,4096,64,9,36.4277,36.3633,2.02815
2,192,512,coop,16,1,8192,64,9,37.502,37.4531,1.97005
2,192,512,coop,32,1,16384,64,9,41.502,40.8281,1.78018
2,192,768,thread,1,6,768,64,9,74.0332,73.8118,1
2,192,768,coop,4,2,3072,64,9,44.7676,44.7064,1.65372
2,192,768,coop,8,1,6144,64,9,37.3978,37.3014,1.97961
2,192,768,coop,16,1,12288,64,9,42.0345,41.1797,1.76125
2,192,768,coop,32,1,24576,64,9,52.3646,52.1764,1.4138
2,192,1024,thread,1,6,1024,64,9,74.0755,74.043,1
2,192,1024,coop,4,2,4096,64,9,44.7331,44.6836,1.65595
2,192,1024,coop,8,1,8192,64,9,37.6094,37.5215,1.9696
2,192,1024,coop,16,1,16384,64,9,48.1048,47.0944,1.53988
2,192,1024,coop,32,1,32768,64,9,64.5026,64.2461,1.14841
2,192,1536,thread,1,6,1536,64,9,74.2012,74.1615,1
2,192,1536,coop,4,2,6144,64,9,44.5781,44.4844,1.66452
2,192,1536,coop,8,1,12288,64,9,41.7461,41.4329,1.77744
2,192,1536,coop,16,1,24576,64,9,59.9121,59.7318,1.2385
2,192,1536,coop,32,1,49152,64,9,98.1387,97.7324,0.756085
2,192,2048,thread,1,6,2048,64,9,74.2311,74.1387,1
2,192,2048,coop,4,2,8192,64,9,44.6895,44.6296,1.66104
2,192,2048,coop,8,1,16384,64,9,47.3047,46.8952,1.56921
2,192,2048,coop,16,1,32768,64,9,73.9297,73.6243,1.00408
2,192,2048,coop,32,1,65536,64,9,129.088,127.988,0.575043
2,192,3072,thread,1,6,3072,64,9,73.4284,73.1634,1
2,192,3072,coop,4,2,12288,64,9,53.459,53.0527,1.37355
2,192,3072,coop,8,1,24576,64,9,59.6296,59.4824,1.23141
2,192,3072,coop,16,1,49152,64,9,113.203,112.659,0.648643
2,192,3072,coop,32,1,98304,64,9,189.473,187.496,0.387541
2,192,4096,thread,1,6,4096,64,9,73.5195,73.0911,1
2,192,4096,coop,4,2,16384,64,9,57.1178,56.7969,1.28716
2,192,4096,coop,8,1,32768,64,9,73.7057,73.4382,0.997474
2,192,4096,coop,16,1,65536,64,9,148.074,146.851,0.496505
2,192,4096,coop,32,1,131072,64,9,242.807,241.355,0.30279
2,192,5120,thread,1,6,5120,64,9,73.3392,72.9395,1
2,192,5120,coop,4,2,20480,64,9,61.1706,60.9264,1.19893
2,192,5120,coop,8,1,40960,64,9,97.2441,96.8118,0.754176
2,192,5120,coop,16,1,81920,64,9,181.648,180.479,0.403742
2,192,5120,coop,32,1,163840,64,9,300.271,297.97,0.244243
2,192,6144,thread,1,6,6144,64,9,74.4069,73.8496,1
2,192,6144,coop,4,2,24576,64,9,74.7734,73.8008,0.995098
2,192,6144,coop,8,1,49152,64,9,114.174,112.557,0.651698
2,192,6144,coop,16,1,98304,64,9,220.238,216.986,0.337848
2,192,6144,coop,32,1,196608,64,9,359.546,358.426,0.206947
2,192,8192,thread,1,6,8192,64,9,79.9961,77.4076,1
2,192,8192,coop,4,2,32768,64,9,106.354,104.152,0.752172
2,192,8192,coop,8,1,65536,64,9,156.018,153.93,0.512738
2,192,8192,coop,16,1,131072,64,9,301.379,295.633,0.265434
2,192,8192,coop,32,1,262144,64,9,498.475,492.424,0.160482
2,256,256,thread,1,8,256,64,9,107.422,107.285,1
2,256,256,coop,4,2,1024,64,9,48.209,48.1829,2.22825
2,256,256,coop,8,1,2048,64,9,40.7832,40.7285,2.63397
2,256,256,coop,16,1,4096,64,9,42.1745,42.1543,2.54708
2,256,256,coop,32,1,8192,64,9,35.1309,35.0371,3.05776
2,256,512,thread,1,8,512,64,9,108.061,106.878,1
2,256,512,coop,4,2,2048,64,9,48.2038,48.181,2.24174
2,256,512,coop,8,1,4096,64,9,41.6641,41.638,2.59362
2,256,512,coop,16,1,8192,64,9,42.1927,42.1211,2.56112
2,256,512,coop,32,1,16384,64,9,44.8665,44.6556,2.40849
2,256,768,thread,1,8,768,64,9,108.09,107.254,1
2,256,768,coop,4,2,3072,64,9,48.4609,48.2559,2.23045
2,256,768,coop,8,1,6144,64,9,42.0371,41.8809,2.5713
2,256,768,coop,16,1,12288,64,9,45.0872,44.2259,2.39735
2,256,768,coop,32,1,24576,64,9,56.9928,56.7767,1.89655
2,256,1024,thread,1,8,1024,64,9,107.406,107.178,1
2,256,1024,coop,4,2,4096,64,9,48.3887,48.2663,2.21966
2,256,1024,coop,8,1,8192,64,9,41.9785,41.8171,2.5586
2,256,1024,coop,16,1,16384,64,9,53.998,53.2148,1.98908
2,256,1024,coop,32,1,32768,64,9,70.026,69.9707,1.5338
2,256,1536,thread,1,8,1536,64,9,107.715,107.59,1
2,256,1536,coop,4,2,6144,64,9,48.0723,48.0254,2.24069
2,256,1536,coop,8,1,12288,64,9,44.1771,43.6074,2.43825
2,256,1536,coop,16,1,24576,64,9,66.7891,66.612,1.61276
2,256,1536,coop,32,1,49152,64,9,107.444,106.562,1.00252
2,256,2048,thread,1,8,2048,64,9,107.313,107.136,1
2,256,2048,coop,4,2,8192,64,9,48.3906,48.3223,2.21764
2,256,2048,coop,8,1,16384,64,9,53.3197,51.9512,2.01264
2,256,2048,coop,16,1,32768,64,9,81.9219,81.7695,1.30995
2,256,2048,coop,32,1,65536,64,9,141.255,140.095,0.759715
2,256,3072,thread,1,8,3072,64,9,105.102,104.754,1
2,256,3072,coop,4,2,12288,64,9,57.4785,57.3711,1.82854
2,256,3072,coop,8,1,24576,64,9,65.5215,65.3815,1.60408
2,256,3072,coop,16,1,49152,64,9,126.229,125.742,0.832629
2,256,3072,coop,32,1,98304,64,9,205.839,203.469,0.510602
2,256,4096,thread,1,8,4096,64,9,107.33,106.336,1
2,256,4096,coop,4,2,16384,64,9,61.7656,60.9603,1.7377
2,256,4096,coop,8,1,32768,64,9,81.5469,80.7695,1.31618
2,256,4096,coop,16,1,65536,64,9,166.57,165.445,0.644353
2,256,4096,coop,32,1,131072,64,9,269.549,267.715,0.398183
2,256,5120,thread,1,8,5120,64,9,111.174,109.643,1
2,256,5120,coop,4,2,20480,64,9,69.2923,67.5762,1.60443
2,256,5120,coop,8,1,40960,64,9,114.467,113.07,0.971238
2,256,5120,coop,16,1,81920,64,9,212.027,205.141,0.52434
2,256,5120,coop,32,1,163840,64,9,346.913,342.712,0.320468
2,256,6144,thread,1,8,6144,64,9,114.749,113.391,1
2,256,6144,coop,4,2,24576,64,9,87.0781,86.002,1.31777
2,256,6144,coop,8,1,49152,64,9,134.559,133.668,0.852779
2,256,6144,coop,16,1,98304,64,9,259.77,258.451,0.441732
2,256,6144,coop,32,1,196608,64,9,424.439,421.206,0.270354
2,256,8192,thread,1,8,8192,64,9,120.74,118.24,1
2,256,8192,coop,4,2,32768,64,9,118.807,117.464,1.01628
2,256,8192,coop,8,1,65536,64,9,182.729,178.756,0.660763
2,256,8192,coop,16,1,131072,64,9,349.375,343.954,0.345589
2,256,8192,coop,32,1,262144,64,9,581.891,576.016,0.207496
2,288,256,thread,1,9,256,64,9,135.558,133.469,1
2,288,256,coop,4,3,1024,64,9,64.64,64.4453,2.09712
2,288,256,coop,8,2,2048,64,9,42.1777,42.0566,3.21397
2,288,256,coop,16,1,4096,64,9,27.9147,27.7174,4.85615
2,288,256,coop,32,1,8192,64,9,27.7754,26.6758,4.88051
2,288,512,thread,1,9,512,64,9,135.985,135.839,1
2,288,512,coop,4,3,2048,64,9,64.513,64.444,2.10787
2,288,512,coop,8,2,4096,64,9,42.6081,42.5391,3.19153
2,288,512,coop,16,1,8192,64,9,29.9642,29.9121,4.53825
2,288,512,coop,32,1,16384,64,9,47.8633,47.5872,2.84111
2,288,768,thread,1,9,768,64,9,137.149,136.08,1
2,288,768,coop,4,3,3072,64,9,64.3477,64.2083,2.13138
2,288,768,coop,8,2,6144,64,9,42.8333,42.778,3.20192
2,288,768,coop,16,1,12288,64,9,45.0742,44.1458,3.04274
2,288,768,coop,32,1,24576,64,9,62.3939,62.071,2.19812
2,288,1024,thread,1,9,1024,64,9,136.368,136.314,1
2,288,1024,coop,4,3,4096,64,9,64.3145,64.1393,2.12033
2,288,1024,coop,8,2,8192,64,9,43.3594,43.2285,3.14506
2,288,1024,coop,16,1,16384,64,9,51.0664,50.7871,2.6704
2,288,1024,coop,32,1,32768,64,9,78.2402,78.0566,1.74294
2,288,1536,thread,1,9,1536,64,9,135.061,135.049,1
2,288,1536,coop,4,3,6144,64,9,64.584,64.4232,2.09124
2,288,1536,coop,8,2,12288,64,9,56.3223,55.4401,2.398
2,288,1536,coop,16,1,24576,64,9,66.4941,66.2754,2.03116
2,288,1536,coop,32,1,49152,64,9,115.214,114.992,1.17226
2,288,2048,thread,1,9,2048,64,9,136.035,135.89,1
2,288,2048,coop,4,3,8192,64,9,64.9922,64.8008,2.09309
2,288,2048,coop,8,2,16384,64,9,63.0469,62.8724,2.15767
2,288,2048,coop,16,1,32768,64,9,83.2604,82.8496,1.63384
2,288,2048,coop,32,1,65536,64,9,147.169,147.02,0.924345
2,288,3072,thread,1,9,3072,64,9,133.244,132.949,1
2,288,3072,coop,4,3,12288,64,9,76.6927,76.1504,1.73738
2,288,3072,coop,8,2,24576,64,9,82.5391,82.2122,1.61432
2,288,3072,coop,16,1,49152,64,9,123.105,122.559,1.08236
2,288,3072,coop,32,1,98304,64,9,214.998,213.855,0.619746
2,288,4096,thread,1,9,4096,64,9,133.302,132.348,1
2,288,4096,coop,4,3,16384,64,9,81.8711,81.5169,1.62819
2,288,4096,coop,8,2,32768,64,9,110.564,109.727,1.20566
2,288,4096,coop,16,1,65536,64,9,157.848,157.472,0.844498
2,288,4096,coop,32,1,131072,64,9,280.377,280.016,0.475439
2,288,5120,thread,1,9,5120,64,9,133.022,132.729,1
2,288,5120,coop,4,3,20480,64,9,88.5482,88.0664,1.50226
2,288,5120,coop,8,2,40960,64,9,129.121,128.584,1.03021
2,288,5120,coop,16,1,81920,64,9,192.596,191.828,0.690678
2,288,5120,coop,32,1,163840,64,9,346.858,346.104,0.383506
2,288,6144,thread,1,9,6144,64,9,136.951,133.977,1
2,288,6144,coop,4,3,24576,64,9,108.799,107.355,1.25875
2,288,6144,coop,8,2,49152,64,9,157.886,156.766,0.867405
2,288,6144,coop,16,1,98304,64,9,235.898,233.233,0.580553
2,288,6144,coop,32,1,196608,64,9,420.955,418.057,0.325334
2,288,8192,thread,1,9,8192,64,9,144.817,141.614,1
2,288,8192,coop,4,3,32768,64,9,162.953,160.481,0.888704
2,288,8192,coop,8,2,65536,64,9,213.434,210.855,0.678511
2,288,8192,coop,16,1,131072,64,9,320.513,314.937,0.451829
2,288,8192,coop,32,1,262144,64,9,580.969,575.872,0.249268
2,384,256,thread,1,12,256,64,9,165.286,163.439,1
2,384,256,coop,4,3,1024,64,9,61.7324,61.623,2.67747
2,384,256,coop,8,2,2048,64,9,44.0814,43.9382,3.74958
2,384,256,coop,16,1,4096,64,9,30.3561,30.2793,5.44491
2,384,256,coop,32,1,8192,64,9,33.2676,33.0566,4.96839
2,384,512,thread,1,12,512,64,9,165.012,162.979,1
2,384,512,coop,4,3,2048,64,9,61.7513,61.5716,2.6722
2,384,512,coop,8,2,4096,64,9,44.6387,44.554,3.69661
2,384,512,coop,16,1,8192,64,9,32.0527,32.0033,5.14813
2,384,512,coop,32,1,16384,64,9,53.6693,53.3594,3.0746
2,384,768,thread,1,12,768,64,9,165.426,165.26,1
2,384,768,coop,4,3,3072,64,9,61.5488,61.3125,2.68773
2,384,768,coop,8,2,6144,64,9,44.9297,44.7025,3.6819
2,384,768,coop,16,1,12288,64,9,49.3008,48.8132,3.35545
2,384,768,coop,32,1,24576,64,9,70.2891,69.7858,2.35352
2,384,1024,thread,1,12,1024,64,9,167.041,166.999,1
2,384,1024,coop,4,3,4096,64,9,61.3379,61.2598,2.72329
2,384,1024,coop,8,2,8192,64,9,45.14,45.0645,3.70051
2,384,1024,coop,16,1,16384,64,9,56.7936,56.4967,2.94119
2,384,1024,coop,32,1,32768,64,9,88.3021,88.1992,1.8917
2,384,1536,thread,1,12,1536,64,9,164.371,164.195,1
2,384,1536,coop,4,3,6144,64,9,61.4824,61.3066,2.67346
2,384,1536,coop,8,2,12288,64,9,60.2227,59.694,2.72939
2,384,1536,coop,16,1,24576,64,9,74.4583,74.0885,2.20756
2,384,1536,coop,32,1,49152,64,9,130.751,130.385,1.25713
2,384,2048,thread,1,12,2048,64,9,167.162,167.032,1
2,384,2048,coop,4,3,8192,64,9,61.8301,61.6999,2.70357
2,384,2048,coop,8,2,16384,64,9,67.4297,67.2676,2.47906
2,384,2048,coop,16,1,32768,64,9,93.722,93.2227,1.7836
2,384,2048,coop,32,1,65536,64,9,166.635,166.064,1.00316
2,384,3072,thread,1,12,3072,64,9,164.17,163.365,1
2,384,3072,coop,4,3,12288,64,9,77.3008,76.6003,2.12378
2,384,3072,coop,8,2,24576,64,9,87.873,87.6738,1.86826
2,384,3072,coop,16,1,49152,64,9,138.421,137.894,1.18602
2,384,3072,coop,32,1,98304,64,9,243.305,242.908,0.674749
2,384,4096,thread,1,12,4096,64,9,164.596,163.578,1
2,384,4096,coop,4,3,16384,64,9,88.0371,87.3867,1.86962
2,384,4096,coop,8,2,32768,64,9,117.416,116.85,1.40182
2,384,4096,coop,16,1,65536,64,9,177.386,176.421,0.927899
2,384,4096,coop,32,1,131072,64,9,319.049,318.689,0.515896
2,384,5120,thread,1,12,5120,64,9,165.12,164.861,1
2,384,5120,coop,4,3,20480,64,9,95.1719,94.7454,1.73496
2,384,5120,coop,8,2,40960,64,9,138.422,137.477,1.19287
2,384,5120,coop,16,1,81920,64,9,217.008,216.267,0.760893
2,384,5120,coop,32,1,163840,64,9,396.891,395.523,0.416033
2,384,6144,thread,1,12,6144,64,9,175.861,173.632,1
2,384,6144,coop,4,3,24576,64,9,117.967,116.674,1.49077
2,384,6144,coop,8,2,49152,64,9,173.18,170.463,1.01548
2,384,6144,coop,16,1,98304,64,9,270.492,267.816,0.650155
2,384,6144,coop,32,1,196608,64,9,490.086,482.735,0.358838
2,384,8192,thread,1,12,8192,64,9,183.65,181.376,1
2,384,8192,coop,4,3,32768,64,9,172.783,167.689,1.0629
2,384,8192,coop,8,2,65536,64,9,231.874,230.698,0.792023
2,384,8192,coop,16,1,131072,64,9,367.94,365.165,0.499129
2,384,8192,coop,32,1,262144,64,9,671.581,664.646,0.273459
2,512,256,thread,1,16,256,64,9,222.621,220.508,1
2,512,256,coop,4,4,1024,64,9,81.5026,81.4219,2.73146
2,512,256,coop,8,2,2048,64,9,45.1504,45.1087,4.93066
2,512,256,coop,16,1,4096,64,9,32.6289,32.5384,6.82282
2,512,256,coop,32,1,8192,64,9,38.6055,38.3242,5.76657
2,512,512,thread,1,16,512,64,9,220.364,220.023,1
2,512,512,coop,4,4,2048,64,9,81.7799,81.5938,2.6946
2,512,512,coop,8,2,4096,64,9,45.9583,45.8301,4.79486
2,512,512,coop,16,1,8192,64,9,40.2734,39.7357,5.47169
2,512,512,coop,32,1,16384,64,9,61.6003,61.4922,3.57732
2,512,768,thread,1,16,768,64,9,223.531,222.07,1
2,512,768,coop,4,4,3072,64,9,82.2272,82.0632,2.71845
2,512,768,coop,8,2,6144,64,9,46.1693,46.0879,4.84154
2,512,768,coop,16,1,12288,64,9,54.123,53.6745,4.13004
2,512,768,coop,32,1,24576,64,9,81.4674,81.0684,2.7438
2,512,1024,thread,1,16,1024,64,9,221.626,221.365,1
2,512,1024,coop,4,4,4096,64,9,82.1348,81.9375,2.69832
2,512,1024,coop,8,2,8192,64,9,46.3926,46.3203,4.77718
2,512,1024,coop,16,1,16384,64,9,64.6452,64.377,3.42834
2,512,1024,coop,32,1,32768,64,9,102.402,102.003,2.16426
2,512,1536,thread,1,16,1536,64,9,221.632,221.322,1
2,512,1536,coop,4,4,6144,64,9,83.4115,83.1146,2.65709
2,512,1536,coop,8,2,12288,64,9,63.8802,63.0488,3.4695
2,512,1536,coop,16,1,24576,64,9,85.2507,84.9154,2.59977
2,512,1536,coop,32,1,49152,64,9,151.317,151.126,1.46469
2,512,2048,thread,1,16,2048,64,9,222.589,222.303,1
2,512,2048,coop,4,4,8192,64,9,84.0547,83.8457,2.64814
2,512,2048,coop,8,2,16384,64,9,73.5462,73.4316,3.02651
2,512,2048,coop,16,1,32768,64,9,107.304,106.838,2.07437
2,512,2048,coop,32,1,65536,64,9,193.133,192.596,1.15252
2,512,3072,thread,1,16,3072,64,9,222.065,221.945,1
2,512,3072,coop,4,4,12288,64,9,109.443,108.977,2.02904
2,512,3072,coop,8,2,24576,64,9,96.763,96.6406,2.29494
2,512,3072,coop,16,1,49152,64,9,158.518,158.024,1.40089
2,512,3072,coop,32,1,98304,64,9,282.717,282.221,0.785468
2,512,4096,thread,1,16,4096,64,9,221.754,220.344,1
2,512,4096,coop,4,4,16384,64,9,125.928,125.578,1.76096
2,512,4096,coop,8,2,32768,64,9,128.039,127.206,1.73192
2,512,4096,coop,16,1,65536,64,9,202.1,201.746,1.09725
2,512,4096,coop,32,1,131072,64,9,371.656,371.329,0.596664
2,512,5120,thread,1,16,5120,64,9,221.773,221.4,1
2,512,5120,coop,4,4,20480,64,9,139.449,138.934,1.59035
2,512,5120,coop,8,2,40960,64,9,152.046,151.54,1.45859
2,512,5120,coop,16,1,81920,64,9,246.352,245.932,0.900232
2,512,5120,coop,32,1,163840,64,9,460.627,454.813,0.48146
2,512,6144,thread,1,16,6144,64,9,237.547,233.763,1
2,512,6144,coop,4,4,24576,64,9,170.054,168.266,1.39689
2,512,6144,coop,8,2,49152,64,9,192.141,187.647,1.23631
2,512,6144,coop,16,1,98304,64,9,306.361,302.508,0.775383
2,512,6144,coop,32,1,196608,64,9,566.158,563.122,0.419577
2,512,8192,thread,1,16,8192,64,9,253.717,251.363,1
2,512,8192,coop,4,4,32768,64,9,240.74,238.812,1.0539
2,512,8192,coop,8,2,65536,64,9,258.292,255.131,0.982288
2,512,8192,coop,16,1,131072,64,9,422.734,417.677,0.600181
2,512,8192,coop,32,1,262144,64,9,787.336,782.49,0.322247
2,544,256,thread,1,17,256,64,9,245.196,244.41,1
2,544,256,coop,4,5,1024,64,9,105.549,105.453,2.32306
2,544,256,coop,8,3,2048,64,9,66.8926,66.0332,3.66552
2,544,256,coop,16,2,4096,64,9,47.0117,46.8984,5.21563
2,544,256,coop,32,1,8192,64,9,39.8262,39.6673,6.15665
2,544,512,thread,1,17,512,64,9,246.35,245.91,1
2,544,512,coop,4,5,2048,64,9,106.905,106.49,2.30438
2,544,512,coop,8,3,4096,64,9,65.6367,65.3789,3.75323
2,544,512,coop,16,2,8192,64,9,47.724,47.5775,5.16197
2,544,512,coop,32,1,16384,64,9,63.6595,63.5176,3.8698
2,544,768,thread,1,17,768,64,9,246.68,246.191,1
2,544,768,coop,4,5,3072,64,9,108.494,108.389,2.27367
2,544,768,coop,8,3,6144,64,9,65.5404,65.3913,3.76378
2,544,768,coop,16,2,12288,64,9,66.4668,66.0742,3.71132
2,544,768,coop,32,1,24576,64,9,84.3346,83.8431,2.92501
2,544,1024,thread,1,17,1024,64,9,245.066,244.881,1
2,544,1024,coop,4,5,4096,64,9,108.044,107.893,2.26821
2,544,1024,coop,8,3,8192,64,9,65.7246,65.6569,3.72868
2,544,1024,coop,16,2,16384,64,9,77.8353,77.2533,3.14852
2,544,1024,coop,32,1,32768,64,9,106.208,105.869,2.30742
2,544,1536,thread,1,17,1536,64,9,246.352,246.145,1
2,544,1536,coop,4,5,6144,64,9,109.764,109.666,2.24438
2,544,1536,coop,8,3,12288,64,9,87.5547,86.0052,2.81369
2,544,1536,coop,16,2,24576,64,9,102.093,101.859,2.41301
2,544,1536,coop,32,1,49152,64,9,156.646,156.32,1.57267
2,544,2048,thread,1,17,2048,64,9,245.434,245.209,1
2,544,2048,coop,4,5,8192,64,9,110.217,109.736,2.22682
2,544,2048,coop,8,3,16384,64,9,99.7604,99.1641,2.46024
2,544,2048,coop,16,2,32768,64,9,134.824,134.102,1.8204
2,544,2048,coop,32,1,65536,64,9,199.84,199.624,1.22815
2,544,3072,thread,1,17,3072,64,9,242.51,241.497,1
2,544,3072,coop,4,5,12288,64,9,144.597,143.186,1.67715
2,544,3072,coop,8,3,24576,64,9,131.498,130.98,1.84421
2,544,3072,coop,16,2,49152,64,9,195.67,194.913,1.23939
2,544,3072,coop,32,1,98304,64,9,292.465,292.148,0.829195
2,544,4096,thread,1,17,4096,64,9,244.785,244.023,1
2,544,4096,coop,4,5,16384,64,9,168.76,166.992,1.45049
2,544,4096,coop,8,3,32768,64,9,187.398,186.858,1.30623
2,544,4096,coop,16,2,65536,64,9,252.124,251.362,0.970891
2,544,4096,coop,32,1,131072,64,9,384.723,384.377,0.636264
2,544,5120,thread,1,17,5120,64,9,248.416,247.025,1
2,544,5120,coop,4,5,20480,64,9,185.145,184.557,1.34174
2,544,5120,coop,8,3,40960,64,9,215.854,214.004,1.15085
2,544,5120,coop,16,2,81920,64,9,309.885,309.283,0.80164
2,544,5120,coop,32,1,163840,64,9,477.243,471.165,0.520523
2,544,6144,thread,1,17,6144,64,9,254.111,252.14,1
2,544,6144,coop,4,5,24576,64,9,222.553,221.01,1.1418
2,544,6144,coop,8,3,49152,64,9,256.79,256.365,0.989567
2,544,6144,coop,16,2,98304,64,9,373.996,373.262,0.679449
2,544,6144,coop,32,1,196608,64,9,563.66,563.26,0.450824
2,544,8192,thread,1,17,8192,64,9,273.713,266.149,1
2,544,8192,coop,4,5,32768,64,9,319.217,310.951,0.85745
2,544,8192,coop,8,3,65536,64,9,356.383,347.254,0.768031
2,544,8192,coop,16,2,131072,64,9,512.734,498.965,0.53383
2,544,8192,coop,32,1,262144,64,9,785.44,768.865,0.348483
2,768,256,thread,1,24,256,64,9,381.545,380.51,1
2,768,256,coop,4,6,1024,64,9,135.667,135.405,2.81237
2,768,256,coop,8,3,2048,64,9,68.3828,68.2266,5.57954
2,768,256,coop,16,2,4096,64,9,51.097,51.0508,7.46707
2,768,256,coop,32,1,8192,64,9,48.7598,48.5801,7.82499
2,768,512,thread,1,24,512,64,9,379.733,378.055,1
2,768,512,coop,4,6,2048,64,9,139.123,138.48,2.72948
2,768,512,coop,8,3,4096,64,9,67.3633,67.1895,5.63709
2,768,512,coop,16,2,8192,64,9,51.4102,51.3027,7.38634
2,768,512,coop,32,1,16384,64,9,77.9499,77.7324,4.8715
2,768,768,thread,1,24,768,64,9,381.388,380.594,1
2,768,768,coop,4,6,3072,64,9,140.791,140.523,2.70889
2,768,768,coop,8,3,6144,64,9,67.4102,67.2559,5.65772
2,768,768,coop,16,2,12288,64,9,73.4746,72.8978,5.19075
2,768,768,coop,32,1,24576,64,9,103.652,103.458,3.67952
2,768,1024,thread,1,24,1024,64,9,381.764,381.625,1
2,768,1024,coop,4,6,4096,64,9,139.932,139.782,2.72822
2,768,1024,coop,8,3,8192,64,9,67.9036,67.8522,5.62215
2,768,1024,coop,16,2,16384,64,9,88.5944,88.2396,4.30912
2,768,1024,coop,32,1,32768,64,9,130.858,130.637,2.91739
2,768,1536,thread,1,24,1536,64,9,380.663,380.255,1
2,768,1536,coop,4,6,6144,64,9,141.561,141.088,2.68905
2,768,1536,coop,8,3,12288,64,9,94.7832,93.9564,4.01614
2,768,1536,coop,16,2,24576,64,9,117.363,117,3.24346
2,768,1536,coop,32,1,49152,64,9,193.312,192.832,1.96916
2,768,2048,thread,1,24,2048,64,9,381.554,380.873,1
2,768,2048,coop,4,6,8192,64,9,142.331,142.027,2.68074
2,768,2048,coop,8,3,16384,64,9,110.826,110.697,3.44282
2,768,2048,coop,16,2,32768,64,9,153.526,152.896,2.48527
2,768,2048,coop,32,1,65536,64,9,246.65,246.367,1.54694
2,768,3072,thread,1,24,3072,64,9,379.672,377.07,1
2,768,3072,coop,4,6,12288,64,9,182.617,180.744,2.07906
2,768,3072,coop,8,3,24576,64,9,149.043,148.442,2.5474
2,768,3072,coop,16,2,49152,64,9,225.688,225.049,1.68229
2,768,3072,coop,32,1,98304,64,9,361.701,361.288,1.04968
2,768,4096,thread,1,24,4096,64,9,386.047,384.663,1
2,768,4096,coop,4,6,16384,64,9,210.021,209.662,1.83814
2,768,4096,coop,8,3,32768,64,9,212.262,211.344,1.81873
2,768,4096,coop,16,2,65536,64,9,290.78,289.574,1.32763
2,768,4096,coop,32,1,131072,64,9,476.266,475.89,0.810571
2,768,5120,thread,1,24,5120,64,9,392.156,391.541,1
2,768,5120,coop,4,6,20480,64,9,229.336,228.449,1.70996
2,768,5120,coop,8,3,40960,64,9,244.893,243.614,1.60134
2,768,5120,coop,16,2,81920,64,9,356.226,355.486,1.10086
2,768,5120,coop,32,1,163840,64,9,590.891,590.473,0.663669
2,768,6144,thread,1,24,6144,64,9,407.285,406.041,1
2,768,6144,coop,4,6,24576,64,9,282.359,281.102,1.44244
2,768,6144,coop,8,3,49152,64,9,293.383,292.141,1.38824
2,768,6144,coop,16,2,98304,64,9,430.188,428.717,0.946762
2,768,6144,coop,32,1,196608,64,9,698.145,697.766,0.583382
2,768,8192,thread,1,24,8192,64,9,455.809,438.945,1
2,768,8192,coop,4,6,32768,64,9,412.004,393.338,1.10632
2,768,8192,coop,8,3,65536,64,9,409.01,395.161,1.11442
2,768,8192,coop,16,2,131072,64,9,596.066,575.121,0.764694
2,768,8192,coop,32,1,262144,64,9,976.481,947.971,0.466787
2,1024,256,thread,1,32,256,64,9,563.682,561.107,1
2,1024,256,coop,4,8,1024,64,9,286.315,285.753,1.96875
2,1024,256,coop,8,4,2048,64,9,94.2116,94.0898,5.98315
2,1024,256,coop,16,2,4096,64,9,55.1725,54.9434,10.2167
2,1024,256,coop,32,1,8192,64,9,58.5273,58.2773,9.63108
2,1024,512,thread,1,32,512,64,9,566.488,562.67,1
2,1024,512,coop,4,8,2048,64,9,286.162,285.699,1.97961
2,1024,512,coop,8,4,4096,64,9,94.8633,94.5566,5.97163
2,1024,512,coop,16,2,8192,64,9,65.39,65.0098,8.66323
2,1024,512,coop,32,1,16384,64,9,93.4961,93.1836,6.05895
2,1024,768,thread,1,32,768,64,9,564.777,563.817,1
2,1024,768,coop,4,8,3072,64,9,284.998,284.459,1.98169
2,1024,768,coop,8,4,6144,64,9,97.3913,95.6296,5.79905
2,1024,768,coop,16,2,12288,64,9,81.7897,81.623,6.90524
2,1024,768,coop,32,1,24576,64,9,125.402,125.14,4.50375
2,1024,1024,thread,1,32,1024,64,9,565.91,565.637,1
2,1024,1024,coop,4,8,4096,64,9,282.986,282.083,1.99978
2,1024,1024,coop,8,4,8192,64,9,95.9095,95.5254,5.90046
2,1024,1024,coop,16,2,16384,64,9,102.538,102.291,5.51901
2,1024,1024,coop,32,1,32768,64,9,158.425,158.098,3.5721
2,1024,1536,thread,1,32,1536,64,9,565.527,564.939,1
2,1024,1536,coop,4,8,6144,64,9,352.505,350.206,1.60431
2,1024,1536,coop,8,4,12288,64,9,143.014,141.368,3.95436
2,1024,1536,coop,16,2,24576,64,9,136.258,136.141,4.1504
2,1024,1536,coop,32,1,49152,64,9,234.107,233.852,2.41567
2,1024,2048,thread,1,32,2048,64,9,565.682,565.271,1
2,1024,2048,coop,4,8,8192,64,9,416.965,404.359,1.35667
2,1024,2048,coop,8,4,16384,64,9,180.096,177.525,3.14101
2,1024,2048,coop,16,2,32768,64,9,176.156,175.555,3.21125
2,1024,2048,coop,32,1,65536,64,9,299.174,298.921,1.89081
2,1024,3072,thread,1,32,3072,64,9,584.081,582.232,1
2,1024,3072,coop,4,8,12288,64,9,529.078,520.542,1.10396
2,1024,3072,coop,8,4,24576,64,9,227.992,225.99,2.56185
2,1024,3072,coop,16,2,49152,64,9,260.165,259.77,2.24504
2,1024,3072,coop,32,1,98304,64,9,439.24,438.914,1.32975
2,1024,4096,thread,1,32,4096,64,9,590.054,588.772,1
2,1024,4096,coop,4,8,16384,64,9,598.626,589.943,0.98568
2,1024,4096,coop,8,4,32768,64,9,304.154,301.51,1.93998
2,1024,4096,coop,16,2,65536,64,9,336.09,334.405,1.75564
2,1024,4096,coop,32,1,131072,64,9,579.391,579.195,1.0184
2,1024,5120,thread,1,32,5120,64,9,623.957,596.072,1
2,1024,5120,coop,4,8,20480,64,9,739.1,725.085,0.844212
2,1024,5120,coop,8,4,40960,64,9,393.658,374.871,1.58502
2,1024,5120,coop,16,2,81920,64,9,434.87,414.756,1.43481
2,1024,5120,coop,32,1,163840,64,9,752.745,726.209,0.828909
2,1024,6144,thread,1,32,6144,64,9,844.111,739.934,1
2,1024,6144,coop,4,8,24576,64,9,1140.44,1000.23,0.740162
2,1024,6144,coop,8,4,49152,64,9,587.112,523.619,1.43773
2,1024,6144,coop,16,2,98304,64,9,670.322,600.639,1.25926
2,1024,6144,coop,32,1,196608,64,9,1132.77,1033.24,0.745175
2,1024,8192,thread,1,32,8192,64,9,931.9,913.062,1
2,1024,8192,coop,4,8,32768,64,9,1514.48,1482.75,0.615328
2,1024,8192,coop,8,4,65536,64,9,755.971,743.572,1.23272
2,1024,8192,coop,16,2,131072,64,9,873.915,855.477,1.06635
2,1024,8192,coop,32,1,262144,64,9,1519.08,1493.01,0.613464
3,64,32,thread,1,2,32,64,9,13.6758,13.5352,1
3,64,32,coop,4,1,128,64,9,21.8177,21.7969,0.62682
3,64,32,coop,8,1,256,64,9,22.1335,21.9785,0.617878
3,64,32,coop,16,1,512,64,9,21.8353,21.7969,0.626316
3,64,32,coop,32,1,1024,64,9,19.4336,19.4199,0.703719
3,64,128,thread,1,2,128,64,9,13.4609,13.3691,1
3,64,128,coop,4,1,512,64,9,22.2715,22.1426,0.604402
3,64,128,coop,8,1,1024,64,9,22.1387,22.0885,0.608028
3,64,128,coop,16,1,2048,64,9,22.0286,21.9688,0.611065
3,64,128,coop,32,1,4096,64,9,19.5977,19.502,0.686865
3,64,512,thread,1,2,512,64,9,13.6484,13.5488,1
3,64,512,coop,4,1,2048,64,9,22.6523,22.4883,0.602518
3,64,512,coop,8,1,4096,64,9,22.2227,22.0859,0.614168
3,64,512,coop,16,1,8192,64,9,24.1999,24.1465,0.563988
3,64,512,coop,32,1,16384,64,9,32.8105,32.5117,0.415977
3,64,1024,thread,1,2,1024,64,9,13.7246,13.5684,1
3,64,1024,coop,4,1,4096,64,9,23.1087,22.9941,0.593915
3,64,1024,coop,8,1,8192,64,9,25.1367,25.0345,0.545998
3,64,1024,coop,16,1,16384,64,9,35.9219,35.5833,0.382068
3,64,1024,coop,32,1,32768,64,9,52.207,51.9707,0.262888
3,64,2048,thread,1,2,2048,64,9,15.4206,14.4811,1
3,64,2048,coop,4,1,8192,64,9,27.5339,26.612,0.560059
3,64,2048,coop,8,1,16384,64,9,37.377,36.9883,0.412569
3,64,2048,coop,16,1,32768,64,9,60.8776,58.6816,0.253305
3,64,2048,coop,32,1,65536,64,9,105.559,103.673,0.146085
3,64,4096,thread,1,2,4096,64,9,17.9336,16.4121,1
3,64,4096,coop,4,1,16384,64,9,46.4896,43.7253,0.385755
3,64,4096,coop,8,1,32768,64,9,70.9674,69.4766,0.252702
3,64,4096,coop,16,1,65536,64,9,138.383,133.521,0.129593
3,64,4096,coop,32,1,131072,64,9,230.865,225.806,0.0776799
3,96,32,thread,1,3,32,64,9,29.2396,28.9941,1
3,96,32,coop,4,1,128,64,9,23.7435,23.5677,1.23148
3,96,32,coop,8,1,256,64,9,24.5716,24.4258,1.18997
3,96,32,coop,16,1,512,64,9,24.6094,24.5436,1.18815
3,96,32,coop,32,1,1024,64,9,21.2721,21.222,1.37455
3,96,128,thread,1,3,128,64,9,28.9434,28.8711,1
3,96,128,coop,4,1,512,64,9,24.3887,24.1016,1.18675
3,96,128,coop,8,1,1024,64,9,24.6432,24.5762,1.1745
3,96,128,coop,16,1,2048,64,9,24.8496,24.6797,1.16474
3,96,128,coop,32,1,4096,64,9,21.4733,21.4427,1.34788
3,96,512,thread,1,3,512,64,9,29.5684,29.291,1
3,96,512,coop,4,1,2048,64,9,24.9603,24.9154,1.18462
3,96,512,coop,8,1,4096,64,9,25.487,25.444,1.16014
3,96,512,coop,16,1,8192,64,9,28.2975,28.2148,1.04491
3,96,512,coop,32,1,16384,64,9,35.0176,34.765,0.844386
3,96,1024,thread,1,3,1024,64,9,32.3932,30.4668,1
3,96,1024,coop,4,1,4096,64,9,27.125,25.8197,1.19422
3,96,1024,coop,8,1,8192,64,9,30.4232,29.1159,1.06475
3,96,1024,coop,16,1,16384,64,9,42.9355,40.472,0.754462
3,96,1024,coop,32,1,32768,64,9,59.002,57.2057,0.54902
3,96,2048,thread,1,3,2048,64,9,41.3398,40.2721,1
3,96,2048,coop,4,1,8192,64,9,36.1712,34.5853,1.14289
3,96,2048,coop,8,1,16384,64,9,49.1816,46.6165,0.840554
3,96,2048,coop,16,1,32768,64,9,77.4609,75.418,0.533686
3,96,2048,coop,32,1,65536,64,9,135.65,133.398,0.304753
3,96,4096,thread,1,3,4096,64,9,50.5566,49.4961,1
3,96,4096,coop,4,1,16384,64,9,59.3568,57.7715,0.851742
3,96,4096,coop,8,1,32768,64,9,94.6927,91.3438,0.533902
3,96,4096,coop,16,1,65536,64,9,182.475,180.08,0.27706
3,96,4096,coop,32,1,131072,64,9,304.006,299.487,0.166302
3,128,32,thread,1,4,32,64,9,45.9434,44.5723,1
3,128,32,coop,4,1,128,64,9,29.4993,28.265,1.55744
3,128,32,coop,8,1,256,64,9,29.4648,28.582,1.55926
3,128,32,coop,16,1,512,64,9,29.0293,28.1523,1.58265
3,128,32,coop,32,1,1024,64,9,25.2207,25.0273,1.82165
3,128,128,thread,1,4,128,64,9,41.5339,40.3535,1
3,128,128,coop,4,1,512,64,9,26.75,26.5566,1.55267
3,128,128,coop,8,1,1024,64,9,26.487,26.4714,1.56809
3,128,128,coop,16,1,2048,64,9,27.9941,27.959,1.48366
3,128,128,coop,32,1,4096,64,9,23.543,23.4648,1.76417
3,128,512,thread,1,4,512,64,9,41.2552,41.2031,1
3,128,512,coop,4,1,2048,64,9,27.9714,27.916,1.47491
3,128,512,coop,8,1,4096,64,9,28.6309,28.515,1.44094
3,128,512,coop,16,1,8192,64,9,31.5286,31.4681,1.3085
3,128,512,coop,32,1,16384,64,9,37.0814,36.7214,1.11256
3,128,1024,thread,1,4,1024,64,9,44.9264,44.1309,1
3,128,1024,coop,4,1,4096,64,9,30.4987,29.123,1.47306
3,128,1024,coop,8,1,8192,64,9,33.9805,32.4642,1.32213
3,128,1024,coop,16,1,16384,64,9,45.028,43.0762,0.997744
3,128,1024,coop,32,1,32768,64,9,62.9082,60.2819,0.714159
3,128,2048,thread,1,4,2048,64,9,53.3691,52.3457,1
3,128,2048,coop,4,1,8192,64,9,37.9232,36.7715,1.4073
3,128,2048,coop,8,1,16384,64,9,51.3034,48.7064,1.04027
3,128,2048,coop,16,1,32768,64,9,78.8594,76.696,0.676763
3,128,2048,coop,32,1,65536,64,9,138.959,136.304,0.384064
3,128,4096,thread,1,4,4096,64,9,61.2168,58.944,1
3,128,4096,coop,4,1,16384,64,9,57.0742,53.4551,1.07258
3,128,4096,coop,8,1,32768,64,9,89.3672,86.3607,0.685003
3,128,4096,coop,16,1,65536,64,9,174.872,171.943,0.350066
3,128,4096,coop,32,1,131072,64,9,290.939,283.152,0.210411
3,160,32,thread,1,5,32,64,9,61.8164,59.5898,1
3,160,32,coop,4,2,128,64,9,42.6133,39.1654,1.45064
3,160,32,coop,8,1,256,64,9,31.6465,29.069,1.95334
3,160,32,coop,16,1,512,64,9,31.3516,29.0918,1.97172
3,160,32,coop,32,1,1024,64,9,27.582,25.8913,2.24118
3,160,128,thread,1,5,128,64,9,58.0781,57.0475,1
3,160,128,coop,4,2,512,64,9,40.8223,40.4036,1.42271
3,160,128,coop,8,1,1024,64,9,29.1543,29.0762,1.99209
3,160,128,coop,16,1,2048,64,9,32.0508,31.8125,1.81207
3,160,128,coop,32,1,4096,64,9,25.1543,25.0098,2.30887
3,160,512,thread,1,5,512,64,9,61.847,59.3027,1
3,160,512,coop,4,2,2048,64,9,43.4688,43.3789,1.42279
3,160,512,coop,8,1,4096,64,9,32.3672,32.3118,1.91079
3,160,512,coop,16,1,8192,64,9,34.6764,34.623,1.78355
3,160,512,coop,32,1,16384,64,9,38.998,38.7826,1.5859
3,160,1024,thread,1,5,1024,64,9,62.084,61.668,1
3,160,1024,coop,4,2,4096,64,9,44.3906,44.252,1.39858
3,160,1024,coop,8,1,8192,64,9,34.7227,34.502,1.788
3,160,1024,coop,16,1,16384,64,9,44.7715,44.3828,1.38669
3,160,1024,coop,32,1,32768,64,9,61.804,61.1797,1.00453
3,160,2048,thread,1,5,2048,64,9,67.9805,66.8613,1
3,160,2048,coop,4,2,8192,64,9,49.2363,46.7624,1.3807
3,160,2048,coop,8,1,16384,64,9,49.4824,48.0781,1.37383
3,160,2048,coop,16,1,32768,64,9,76.8535,75.2969,0.884546
3,160,2048,coop,32,1,65536,64,9,133.437,131.199,0.509458
3,160,4096,thread,1,5,4096,64,9,80.3789,76.9258,1
3,160,4096,coop,4,2,16384,64,9,75.0234,71.6654,1.07138
3,160,4096,coop,8,1,32768,64,9,90.1159,86.8223,0.89195
3,160,4096,coop,16,1,65536,64,9,181.21,174.323,0.443567
3,160,4096,coop,32,1,131072,64,9,299.924,284.148,0.267998
4,96,768,thread,1,3,768,64,9,29.5801,29.5462,1
4,96,768,coop,4,1,3072,64,9,25.112,25.0449,1.17793
4,96,768,coop,8,1,6144,64,9,27.6647,27.5723,1.06923
4,96,768,coop,16,1,12288,64,9,34.4453,33.8184,0.858755
4,96,1024,thread,1,3,1024,64,9,29.6842,29.5924,1
4,96,1024,coop,4,1,4096,64,9,25.4889,25.3164,1.16459
4,96,1024,coop,8,1,8192,64,9,28.9128,28.8327,1.02668
4,96,1024,coop,16,1,16384,64,9,38.5547,38.4225,0.769926
4,96,2048,thread,1,3,2048,64,9,32.6855,32.5736,1
4,96,2048,coop,4,1,8192,64,9,28.3457,28.2669,1.1531
4,96,2048,coop,8,1,16384,64,9,39.207,38.6172,0.833665
4,96,2048,coop,16,1,32768,64,9,61.1426,60.9811,0.534579
4,96,3072,thread,1,3,3072,64,9,35.7467,33.3555,1
4,96,3072,coop,4,1,12288,64,9,35.4928,34.474,1.00715
4,96,3072,coop,8,1,24576,64,9,51.5762,49.3164,0.693086
4,96,3072,coop,16,1,49152,64,9,92.6862,91.7754,0.385675
4,96,4096,thread,1,3,4096,64,9,34.9909,34.0293,1
4,96,4096,coop,4,1,16384,64,9,40.6159,40.0703,0.861507
4,96,4096,coop,8,1,32768,64,9,63.3906,62.5215,0.551988
4,96,4096,coop,16,1,65536,64,9,124.665,122.729,0.280678
4,128,768,thread,1,4,768,64,9,42.6751,42.4453,1
4,128,768,coop,4,1,3072,64,9,28.6895,28.459,1.48748
4,128,768,coop,8,1,6144,64,9,30.6725,30.5618,1.39131
4,128,768,coop,16,1,12288,64,9,37.0977,36.832,1.15035
4,128,1024,thread,1,4,1024,64,9,42.75,42.6393,1
4,128,1024,coop,4,1,4096,64,9,28.3561,28.2194,1.50761
4,128,1024,coop,8,1,8192,64,9,31.9004,31.7969,1.34011
4,128,1024,coop,16,1,16384,64,9,42.4596,41.4329,1.00684
4,128,2048,thread,1,4,2048,64,9,48.334,45.4082,1
4,128,2048,coop,4,1,8192,64,9,32.7207,32.3529,1.47717
4,128,2048,coop,8,1,16384,64,9,44.5326,43.1543,1.08536
4,128,2048,coop,16,1,32768,64,9,69.2253,67.041,0.698213
4,128,3072,thread,1,4,3072,64,9,53.3262,52.0794,1
4,128,3072,coop,4,1,12288,64,9,43.86,42.0547,1.21583
4,128,3072,coop,8,1,24576,64,9,62.153,61.8424,0.857982
4,128,3072,coop,16,1,49152,64,9,118.344,115.526,0.450602
4,128,4096,thread,1,4,4096,64,9,57.8717,56.556,1
4,128,4096,coop,4,1,16384,64,9,53.2611,52.1947,1.08657
4,128,4096,coop,8,1,32768,64,9,84.6777,82.737,0.683435
4,128,4096,coop,16,1,65536,64,9,169.268,167.839,0.341894
4,160,768,thread,1,5,768,64,9,61.6842,60.9551,1
4,160,768,coop,4,2,3072,64,9,44.0814,44.0449,1.39933
4,160,768,coop,8,1,6144,64,9,34.3411,34.2904,1.79622
4,160,768,coop,16,1,12288,64,9,39.0794,38.7526,1.57843
4,160,1024,thread,1,5,1024,64,9,64.806,62.0462,1
4,160,1024,coop,4,2,4096,64,9,46.875,44.0176,1.38253
4,160,1024,coop,8,1,8192,64,9,37.4727,34.6914,1.72942
4,160,1024,coop,16,1,16384,64,9,47.0137,44.4512,1.37845
4,160,2048,thread,1,5,2048,64,9,64.3086,63.3789,1
4,160,2048,coop,4,2,8192,64,9,46.2799,45.1888,1.38956
4,160,2048,coop,8,1,16384,64,9,46.3984,45.6309,1.38601
4,160,2048,coop,16,1,32768,64,9,73.2409,71.3014,0.878042
4,160,3072,thread,1,5,3072,64,9,70.9857,68.0658,1
4,160,3072,coop,4,2,12288,64,9,60.6608,59.2585,1.17021
4,160,3072,coop,8,1,24576,64,9,66.1517,64.5957,1.07307
4,160,3072,coop,16,1,49152,64,9,123.646,121.363,0.574105
4,160,4096,thread,1,5,4096,64,9,78.7676,77.0234,1
4,160,4096,coop,4,2,16384,64,9,73.9199,72.3092,1.06558
4,160,4096,coop,8,1,32768,64,9,91.0326,89.1296,0.865268
4,160,4096,coop,16,1,65536,64,9,182.956,180.421,0.430528
4,256,768,thread,1,8,768,64,9,109.531,108.567,1
4,256,768,coop,4,2,3072,64,9,49.3848,48.502,2.21792
4,256,768,coop,8,1,6144,64,9,42.5957,42.0684,2.57142
4,256,768,coop,16,1,12288,64,9,45.2012,44.6647,2.42319
4,256,1024,thread,1,8,1024,64,9,109.559,109.351,1
4,256,1024,coop,4,2,4096,64,9,48.4499,48.304,2.26128
4,256,1024,coop,8,1,8192,64,9,42.0964,41.918,2.60257
4,256,1024,coop,16,1,16384,64,9,53.3919,52.5762,2.05197
4,256,2048,thread,1,8,2048,64,9,115.504,114.175,1
4,256,2048,coop,4,2,8192,64,9,52.1178,51.3496,2.21621
4,256,2048,coop,8,1,16384,64,9,56.6667,54.4316,2.0383
4,256,2048,coop,16,1,32768,64,9,89.3867,88.4974,1.29218
4,256,3072,thread,1,8,3072,64,9,132.294,128.728,1
4,256,3072,coop,4,2,12288,64,9,69.7559,67.5273,1.89653
4,256,3072,coop,8,1,24576,64,9,80.5827,77.502,1.64172
4,256,3072,coop,16,1,49152,64,9,155.742,152.052,0.849448
4,256,4096,thread,1,8,4096,64,9,145.185,141.562,1
4,256,4096,coop,4,2,16384,64,9,83.4811,82.5703,1.73913
4,256,4096,coop,8,1,32768,64,9,110.203,108.369,1.31743
4,256,4096,coop,16,1,65536,64,9,223.869,220.452,0.648526
4,288,768,thread,1,9,768,64,9,144.25,141.161,1
4,288,768,coop,4,3,3072,64,9,69.2012,67.3783,2.0845
4,288,768,coop,8,2,6144,64,9,45.1777,43.6484,3.19294
4,288,768,coop,16,1,12288,64,9,49.3984,48.1061,2.92013
4,288,1024,thread,1,9,1024,64,9,136.604,136.549,1
4,288,1024,coop,4,3,4096,64,9,63.9414,63.8776,2.13639
4,288,1024,coop,8,2,8192,64,9,42.7526,42.6816,3.19521
4,288,1024,coop,16,1,16384,64,9,51.1543,50.9336,2.67042
4,288,2048,thread,1,9,2048,64,9,141.138,139.459,1
4,288,2048,coop,4,3,8192,64,9,67.6146,66.1465,2.08739
4,288,2048,coop,8,2,16384,64,9,65.7995,64.6647,2.14497
4,288,2048,coop,16,1,32768,64,9,87.502,86.1992,1.61297
4,288,3072,thread,1,9,3072,64,9,155.656,153.945,1
4,288,3072,coop,4,3,12288,64,9,89.0449,86.3828,1.74806
4,288,3072,coop,8,2,24576,64,9,95.849,94.7435,1.62397
4,288,3072,coop,16,1,49152,64,9,144.267,142.07,1.07895
4,288,4096,thread,1,9,4096,64,9,175.407,170.509,1
4,288,4096,coop,4,3,16384,64,9,107.592,104.876,1.63029
4,288,4096,coop,8,2,32768,64,9,145.114,141.787,1.20875
4,288,4096,coop,16,1,65536,64,9,208.873,204.717,0.839778
4,384,768,thread,1,12,768,64,9,177.557,174.867,1
4,384,768,coop,4,3,3072,64,9,64.668,63.0488,2.74568
4,384,768,coop,8,2,6144,64,9,46.875,45.6895,3.78789
4,384,768,coop,16,1,12288,64,9,51.7806,50.334,3.42903
4,384,1024,thread,1,12,1024,64,9,168.632,168.545,1
4,384,1024,coop,4,3,4096,64,9,61.3177,61.2578,2.75013
4,384,1024,coop,8,2,8192,64,9,44.806,44.748,3.76359
4,384,1024,coop,16,1,16384,64,9,56.8216,56.5449,2.96774
4,384,2048,thread,1,12,2048,64,9,173.587,171.281,1
4,384,2048,coop,4,3,8192,64,9,65.2461,63.3672,2.66049
4,384,2048,coop,8,2,16384,64,9,69.8066,68.9727,2.48668
4,384,2048,coop,16,1,32768,64,9,98.1719,96.2988,1.76819
4,384,3072,thread,1,12,3072,64,9,192.062,188.439,1
4,384,3072,coop,4,3,12288,64,9,89.6992,86.2129,2.14118
4,384,3072,coop,8,2,24576,64,9,101.536,98.7233,1.89156
4,384,3072,coop,16,1,49152,64,9,160.891,158.151,1.19374
4,384,4096,thread,1,12,4096,64,9,209.247,206.631,1
4,384,4096,coop,4,3,16384,64,9,111.965,109.667,1.86886
4,384,4096,coop,8,2,32768,64,9,149.928,147.632,1.39565
4,384,4096,coop,16,1,65536,64,9,227.436,223.393,0.920027
4,512,768,thread,1,16,768,64,9,225.086,221.607,1
4,512,768,coop,4,4,3072,64,9,83.8613,82.0078,2.68403
4,512,768,coop,8,2,6144,64,9,47.5801,46.1836,4.73068
4,512,768,coop,16,1,12288,64,9,55.4772,54.0586,4.05727
4,512,1024,thread,1,16,1024,64,9,221.937,221.899,1
4,512,1024,coop,4,4,4096,64,9,81.7194,81.6465,2.71584
4,512,1024,coop,8,2,8192,64,9,46.6009,46.5462,4.7625
4,512,1024,coop,16,1,16384,64,9,64.4915,64.2988,3.44133
4,512,2048,thread,1,16,2048,64,9,226.666,224.542,1
4,512,2048,coop,4,4,8192,64,9,84.86,83.9609,2.67106
4,512,2048,coop,8,2,16384,64,9,75.1289,73.9434,3.01703
4,512,2048,coop,16,1,32768,64,9,109.452,108.025,2.07092
4,512,3072,thread,1,16,3072,64,9,240.274,235.254,1
4,512,3072,coop,4,4,12288,64,9,119.387,116.553,2.01257
4,512,3072,coop,8,2,24576,64,9,104.472,102.467,2.29989
4,512,3072,coop,16,1,49152,64,9,171.993,169.793,1.397
4,512,4096,thread,1,16,4096,64,9,277.715,273.713,1
4,512,4096,coop,4,4,16384,64,9,156.074,154.198,1.77938
4,512,4096,coop,8,2,32768,64,9,158.189,156.404,1.75559
4,512,4096,coop,16,1,65536,64,9,251.48,245.303,1.10432
4,544,768,thread,1,17,768,64,9,243.304,242.926,1
4,544,768,coop,4,5,3072,64,9,107.809,107.417,2.25681
4,544,768,coop,8,3,6144,64,9,68.1725,65.7949,3.56895
4,544,768,coop,16,2,12288,64,9,68.0091,65.8438,3.57752
4,544,1024,thread,1,17,1024,64,9,244.787,244.522,1
4,544,1024,coop,4,5,4096,64,9,107.154,107.057,2.28444
4,544,1024,coop,8,3,8192,64,9,66.2578,66.1152,3.69446
4,544,1024,coop,16,2,16384,64,9,77.6895,77.2363,3.15084
4,544,2048,thread,1,17,2048,64,9,251.592,246.994,1
4,544,2048,coop,4,5,8192,64,9,114.168,110.763,2.2037
4,544,2048,coop,8,3,16384,64,9,103.632,101.111,2.42775
4,544,2048,coop,16,2,32768,64,9,141.842,137.797,1.77374
4,544,3072,thread,1,17,3072,64,9,287.751,276.215,1
4,544,3072,coop,4,5,12288,64,9,167.818,162.736,1.71466
4,544,3072,coop,8,3,24576,64,9,154.633,150.021,1.86087
4,544,3072,coop,16,2,49152,64,9,231.645,221.311,1.24221
4,544,4096,thread,1,17,4096,64,9,306.794,300.53,1
4,544,4096,coop,4,5,16384,64,9,208.451,206.406,1.47178
4,544,4096,coop,8,3,32768,64,9,233.277,230.707,1.31515
4,544,4096,coop,16,2,65536,64,9,315.014,312.898,0.973906
4,640,768,thread,1,20,768,64,9,299.883,299.801,1
4,640,768,coop,4,5,3072,64,9,109.987,109.747,2.72653
4,640,768,coop,8,3,6144,64,9,67.6009,67.4375,4.43608
4,640,768,coop,16,2,12288,64,9,68.7604,68.4004,4.36127
4,640,1024,thread,1,20,1024,64,9,295.63,295.268,1
4,640,1024,coop,4,5,4096,64,9,109.633,109.452,2.69654
4,640,1024,coop,8,3,8192,64,9,67.959,67.7129,4.35012
4,640,1024,coop,16,2,16384,64,9,81.2656,80.9707,3.63782
4,640,2048,thread,1,20,2048,64,9,306.089,302.814,1
4,640,2048,coop,4,5,8192,64,9,114.189,111.887,2.68054
4,640,2048,coop,8,3,16384,64,9,109.492,107.162,2.79555
4,640,2048,coop,16,2,32768,64,9,145.404,143.609,2.10509
4,640,3072,thread,1,20,3072,64,9,346.212,336.476,1
4,640,3072,coop,4,5,12288,64,9,169.979,163.072,2.0368
4,640,3072,coop,8,3,24576,64,9,167.178,159.931,2.07092
4,640,3072,coop,16,2,49152,64,9,247.124,238.421,1.40097
4,640,4096,thread,1,20,4096,64,9,402.03,394.058,1
4,640,4096,coop,4,5,16384,64,9,225.992,223.25,1.77896
4,640,4096,coop,8,3,32768,64,9,269.926,265.049,1.48941
4,640,4096,coop,16,2,65536,64,9,358.606,351.223,1.12109
4,768,768,thread,1,24,768,64,9,380.836,380.697,1
4,768,768,coop,4,6,3072,64,9,135.18,134.928,2.81726
4,768,768,coop,8,3,6144,64,9,67.7988,67.64,5.61715
4,768,768,coop,16,2,12288,64,9,73.6217,73.0781,5.17287
4,768,1024,thread,1,24,1024,64,9,380.848,380.645,1
4,768,1024,coop,4,6,4096,64,9,135.006,134.768,2.82097
4,768,1024,coop,8,3,8192,64,9,68.1673,68.0195,5.58695
4,768,1024,coop,16,2,16384,64,9,88.6523,88.4505,4.29597
4,768,2048,thread,1,24,2048,64,9,404.578,396.337,1
4,768,2048,coop,4,6,8192,64,9,146.105,142.88,2.7691
4,768,2048,coop,8,3,16384,64,9,118.959,115.42,3.40099
4,768,2048,coop,16,2,32768,64,9,164.176,160.874,2.4643
4,768,3072,thread,1,24,3072,64,9,470.07,450.619,1
4,768,3072,coop,4,6,12288,64,9,218.969,211.926,2.14675
4,768,3072,coop,8,3,24576,64,9,184.344,178.243,2.54997
4,768,3072,coop,16,2,49152,64,9,277.622,270.707,1.6932
4,768,4096,thread,1,24,4096,64,9,507.879,502.003,1
4,768,4096,coop,4,6,16384,64,9,271.811,270.721,1.8685
4,768,4096,coop,8,3,32768,64,9,279.373,275.535,1.81792
4,768,4096,coop,16,2,65536,64,9,383.445,377.15,1.32452
4,1024,768,thread,1,32,768,64,9,561.287,560.881,1
4,1024,768,coop,4,8,3072,64,9,288.089,287.512,1.94831
4,1024,768,coop,8,4,6144,64,9,99.3568,97.207,5.64921
4,1024,768,coop,16,2,12288,64,9,81.7025,81.377,6.86989
4,1024,1024,thread,1,32,1024,64,9,564.872,564.205,1
4,1024,1024,coop,4,8,4096,64,9,283.984,283.346,1.9891
4,1024,1024,coop,8,4,8192,64,9,95.2715,95.0124,5.92907
4,1024,1024,coop,16,2,16384,64,9,102.631,102.348,5.50392
4,1024,2048,thread,1,32,2048,64,9,564.144,563.708,1
4,1024,2048,coop,4,8,8192,64,9,415.911,411.305,1.35641
4,1024,2048,coop,8,4,16384,64,9,180.752,178.608,3.12109
4,1024,2048,coop,16,2,32768,64,9,176.316,175.844,3.19961
4,1024,3072,thread,1,32,3072,64,9,582.529,579.797,1
4,1024,3072,coop,4,8,12288,64,9,529.018,521.533,1.10115
4,1024,3072,coop,8,4,24576,64,9,230.34,228.535,2.52899
4,1024,3072,coop,16,2,49152,64,9,261.068,260.674,2.23133
4,1024,4096,thread,1,32,4096,64,9,589.021,588.143,1
4,1024,4096,coop,4,8,16384,64,9,597.284,591.319,0.986166
4,1024,4096,coop,8,4,32768,64,9,302.589,301.272,1.94661
4,1024,4096,coop,16,2,65536,64,9,335.73,335.113,1.75445
