bits,operation,count,layout,samples,gpu_median_s,wall_median_s
256,add,257,aos,9,4.750001244e-05,0.000207834
256,add,257,soa,9,4.933332093e-05,0.000207166
256,sub,257,aos,9,4.749998334e-05,0.000250458
256,sub,257,soa,9,4.870834528e-05,0.000215917
256,mul,257,aos,9,3.904165351e-05,0.000222
256,mul,257,soa,9,3.991666017e-05,0.00019575
256,div,257,aos,9,6.574997678e-05,0.000247125
256,div,257,soa,9,6.687501445e-05,0.000219667
384,add,257,aos,9,5.462500849e-05,0.000227167
384,add,257,soa,9,5.5624987e-05,0.000214208
384,sub,257,aos,9,5.437497748e-05,0.00025275
384,sub,257,soa,9,5.450000754e-05,0.000211917
384,mul,257,aos,9,9.112499538e-05,0.00024225
384,mul,257,soa,9,9.000001592e-05,0.0002495
384,div,257,aos,9,0.000120416662,0.00027125
384,div,257,soa,9,0.000121250021,0.0002695
1024,add,257,aos,9,8.374999743e-05,0.000233542
1024,add,257,soa,9,8.816667832e-05,0.000275833
1024,sub,257,aos,9,8.224998601e-05,0.000238875
1024,sub,257,soa,9,8.662501932e-05,0.000252833
1024,mul,257,aos,9,2.800000948e-05,0.000181042
1024,mul,257,soa,9,3.016667324e-05,0.000321416
1024,div,257,aos,9,0.0001128333097,0.0002805
1024,div,257,soa,9,0.0001172916673,0.00029225
256,add,4096,aos,9,4.758333671e-05,0.00019725
256,add,4096,soa,9,4.6833331e-05,0.000195791
256,sub,4096,aos,9,4.808334052e-05,0.000192208
256,sub,4096,soa,9,4.666668247e-05,0.000193416
256,mul,4096,aos,9,4.008333781e-05,0.000180208
256,mul,4096,soa,9,4.024998634e-05,0.000180916
256,div,4096,aos,9,6.529167877e-05,0.000192625
256,div,4096,soa,9,6.691669114e-05,0.000192375
384,add,4096,aos,9,5.591666559e-05,0.000223333
384,add,4096,soa,9,5.441668327e-05,0.00021425
384,sub,4096,aos,9,5.554166273e-05,0.000196667
384,sub,4096,soa,9,5.491665797e-05,0.000203291
384,mul,4096,aos,9,9.075002163e-05,0.000233166
384,mul,4096,soa,9,9.087499348e-05,0.0002325
384,div,4096,aos,9,0.0001246249885,0.000264583
384,div,4096,soa,9,0.000125999999,0.000263
1024,add,4096,aos,9,9.012501687e-05,0.00024325
1024,add,4096,soa,9,9.441666771e-05,0.000252084
1024,sub,4096,aos,9,9.012501687e-05,0.000231209
1024,sub,4096,soa,9,9.304168634e-05,0.000233459
1024,mul,4096,aos,9,0.0001163333363,0.000261958
1024,mul,4096,soa,9,0.0001272916561,0.000268125
1024,div,4096,aos,9,0.0001682916482,0.00031425
1024,div,4096,soa,9,0.0001731249795,0.000310958
256,add,65536,aos,9,9.037498967e-05,0.000278167
256,add,65536,soa,9,8.287501987e-05,0.000278875
256,sub,65536,aos,9,8.833332686e-05,0.000267625
256,sub,65536,soa,9,8.270834223e-05,0.000273333
256,mul,65536,aos,9,0.0001146666764,0.000304958
256,mul,65536,soa,9,0.0001103750255,0.00029875
256,div,65536,aos,9,0.0002785833203,0.000729958
256,div,65536,soa,9,0.0002677500015,0.00074575
384,add,65536,aos,9,0.0001441249915,0.000549958
384,add,65536,soa,9,0.0001265416795,0.000597042
384,sub,65536,aos,9,0.0001431249839,0.0005765
384,sub,65536,soa,9,0.0001302500023,0.000610083
384,mul,65536,aos,9,0.0004498750204,0.000718791
384,mul,65536,soa,9,0.0004432083515,0.000685292
384,div,65536,aos,9,0.0006910416414,0.001178542
384,div,65536,soa,9,0.0006748333399,0.000913625
1024,add,65536,aos,9,0.0003263333347,0.000884916
1024,add,65536,soa,9,0.0003263333347,0.000878667
1024,sub,65536,aos,9,0.0003293333284,0.000883542
1024,sub,65536,soa,9,0.0003250000009,0.000878708
1024,mul,65536,aos,9,0.0004770000232,0.00104175
1024,mul,65536,soa,9,0.0004283750022,0.000980458
1024,div,65536,aos,9,0.0007852083363,0.001343958
1024,div,65536,soa,9,0.000773000007,0.001305375
