bits,m,n,block,host_macs,repeats,qr_wall_ms,qr_wall_min_ms,qr_gpu_ms,qr_panel_ms,qr_update_ms,gpu_updates,host_updates,solve_wall_ms
256,800,400,8,50000,3,428.41,306.86,210.96,146.28,417.84,50,47,55.629
256,800,400,8,3e+05,3,460.77,381.71,188.36,158.76,446.41,39,58,39.767
256,800,400,16,50000,3,364.45,311.13,157.58,220.82,277.38,47,0,74.714
256,800,400,16,3e+05,3,351.33,344.5,100.05,246.4,264.48,21,26,53.051
256,800,400,24,50000,3,434.5,389.28,163.59,299.19,326.05,31,0,32.829
256,800,400,24,3e+05,3,378.23,367.6,107.21,285.43,181.51,26,5,41.075
256,800,400,32,50000,3,426.12,287.55,124.8,343.44,172.89,23,0,31.4
256,800,400,32,3e+05,3,375.85,285.7,101.9,293.25,195.63,21,2,30.273
256,800,400,48,50000,3,448.55,444.06,113.31,368.58,170.04,15,0,30.832
256,800,400,48,3e+05,3,431.15,366.68,100.66,357.18,134.89,15,0,28.244
256,800,400,64,50000,3,784.38,760.46,94.535,708.59,160.17,11,0,33.907
256,800,400,64,3e+05,3,793.31,765.39,88.379,718.96,111.45,11,0,33.25
256,2000,1000,8,50000,3,2597.9,2493.3,1758,741.72,2571.5,247,0,379.52
256,2000,1000,8,3e+05,3,2486.3,2431.9,1234.4,995.02,2314.8,119,128,437.42
256,2000,1000,16,50000,3,2376.4,2013.2,917.18,1629.2,1537.9,123,0,324.69
256,2000,1000,16,3e+05,3,2550.7,2540.4,900.17,1817.1,1667.6,112,11,344.53
256,2000,1000,24,50000,3,2616.3,2475.5,716.41,1936.6,1253.9,81,0,234.6
256,2000,1000,24,3e+05,3,2478.8,2458.7,678.39,1892.8,1235,81,0,274.24
256,2000,1000,32,50000,3,2918.2,2854.2,690.56,2213.5,1171.3,61,0,268.31
256,2000,1000,32,3e+05,3,2792.3,2629.4,640.3,2249.5,1045.3,59,2,244.26
256,2000,1000,48,50000,3,3433.1,3413.2,593.15,2963.6,834.26,39,0,199.71
256,2000,1000,48,3e+05,3,3506.8,3180.4,542.93,3037.2,818.76,39,0,250.49
256,2000,1000,64,50000,3,3853.8,3747.4,438.91,3461,640.9,29,0,170.95
256,2000,1000,64,3e+05,3,5089.6,3828.6,384.91,4577.8,642.21,29,0,141.88
