phase,repetition,bits,count,calls,gpu_seconds_per_call,wall_seconds_per_call
idle_delay_100ms,0,384,1024,1,0.000354124989826,0.001145375
batch32_after_200ms_device_work,0,384,1024,32,0.000195136719412,0.00029841015625
idle_delay_100ms,1,384,1024,1,0.000230791629292,0.001236167
batch32_after_200ms_device_work,1,384,1024,32,0.000210662761674,0.00031075259375
idle_delay_100ms,2,384,1024,1,0.000231500016525,0.001227667
batch32_after_200ms_device_work,2,384,1024,32,0.000194781250684,0.00029793359375
idle_delay_100ms,3,384,1024,1,0.000236541673075,0.001083584
batch32_after_200ms_device_work,3,384,1024,32,0.000197183593627,0.0002971015625
idle_delay_100ms,4,384,1024,1,0.00023487501312,0.001251459
batch32_after_200ms_device_work,4,384,1024,32,0.000212226563235,0.00031604425
idle_delay_100ms,5,384,1024,1,0.000232249964029,0.00124625
batch32_after_200ms_device_work,5,384,1024,32,0.000197257812033,0.000299125
idle_delay_100ms,6,384,1024,1,0.000271416676696,0.0012835
batch32_after_200ms_device_work,6,384,1024,32,0.000195132812223,0.0003002669375
idle_delay_100ms,7,384,1024,1,0.000230250007007,0.001169666
batch32_after_200ms_device_work,7,384,1024,32,0.000196326822334,0.00029926303125
idle_delay_100ms,8,384,1024,1,0.000234791717958,0.001287667
batch32_after_200ms_device_work,8,384,1024,32,0.000195098959011,0.000295778625
