bits,operation,count,mpfr_cpu_s,gpu_s,gpu_wall_s,cpu_over_gpu_wall
256,add,65536,0.001630792,0.00010954167,0.000796792,2.0466973
256,mul,65536,0.002080125,0.000118,0.000805083,2.5837398
256,div,65536,0.006230458,0.00068299999,0.001321083,4.7161745
384,add,65536,0.001791167,0.00016045835,0.000928458,1.9291847
384,mul,65536,0.002929875,0.00045425002,0.001241542,2.3598678
384,div,65536,0.007977208,0.0013008333,0.002070125,3.853491
1024,add,65536,0.002250375,0.00045925,0.001486667,1.5137048
1024,mul,65536,0.02229475,0.00048641665,0.003000542,7.4302409
1024,div,65536,0.043746875,0.0024815417,0.006539667,6.6894652
